"Age","Sex","Job","Housing","Saving.accounts","Checking.account","Credit.amount","Duration","Purpose","Risk"
0.857142857142857,1,"2","own","0","little",0.0505667436997909,0.0294117647058824,"radio/TV",0
0.0535714285714286,0,"2","own","little","moderate",0.31368988665126,0.647058823529412,"radio/TV",1
0.535714285714286,1,"1","own","little","0",0.101573676680973,0.117647058823529,"education",0
0.464285714285714,1,"2","free","little","little",0.419940574447012,0.558823529411765,"furniture/equipment",0
0.607142857142857,1,"2","free","little","little",0.254209310003301,0.294117647058824,"car",1
0.285714285714286,1,"1","free","0","0",0.484483327830967,0.470588235294118,"education",0
0.607142857142857,1,"2","own","quite rich","0",0.142236161549466,0.294117647058824,"furniture/equipment",0
0.285714285714286,1,"3","rent","little","moderate",0.368548475844613,0.470588235294118,"car",0
0.75,1,"1","own","rich","0",0.154561461428414,0.117647058823529,"radio/TV",0
0.160714285714286,1,"3","own","little","moderate",0.274237922306592,0.382352941176471,"car",1
0.107142857142857,0,"2","rent","little","moderate",0.0574997248816991,0.117647058823529,"car",1
0.0892857142857143,0,"2","rent","little","little",0.223286012985584,0.647058823529412,"business",1
0.0535714285714286,0,"2","own","little","moderate",0.0724661604489931,0.117647058823529,"radio/TV",0
0.732142857142857,1,"1","own","little","little",0.0522174535050072,0.294117647058824,"car",1
0.160714285714286,0,"2","rent","little","little",0.0634422801804776,0.161764705882353,"car",0
0.232142857142857,0,"1","own","moderate","little",0.0567844172994388,0.294117647058824,"radio/TV",1
0.607142857142857,1,"2","own","0","0",0.119621437218004,0.294117647058824,"radio/TV",0
0.107142857142857,1,"2","own","0","little",0.430395069880048,0.382352941176471,"business",0
0.446428571428571,0,"3","free","little","moderate",0.678386706283702,0.294117647058824,"car",1
0.214285714285714,1,"2","own","quite rich","0",0.174975239352922,0.294117647058824,"radio/TV",0
0.517857142857143,1,"2","own","little","0",0.10366457576758,0.0735294117647059,"car",0
0.446428571428571,1,"2","rent","quite rich","little",0.131891713436778,0.0294117647058824,"radio/TV",0
0.517857142857143,1,"1","rent","little","little",0.109552107406185,0.0882352941176471,"car",0
0.446428571428571,1,"2","own","moderate","moderate",0.0855067679102014,0.117647058823529,"car",0
0.125,1,"2","own","0","0",0.100088037856278,0.0882352941176471,"furniture/equipment",0
0.303571428571429,1,"1","own","little","little",0.0618465940354352,0.0294117647058824,"furniture/equipment",0
0.357142857142857,1,"1","own","little","0",0.00968416419060196,0.0294117647058824,"radio/TV",0
0.410714285714286,0,"2","rent","rich","rich",0.00874876196764609,0.117647058823529,"radio/TV",0
0.267857142857143,1,"2","own","little","moderate",0.119126224276439,0.0441176470588235,"radio/TV",0
0.785714285714286,1,"2","own","little","little",0.362385825905139,0.823529411764706,"business",1
0.303571428571429,1,"2","own","rich","moderate",0.0915043468691537,0.205882352941176,"business",0
0.142857142857143,1,"2","own","little","little",0.207439198855508,0.294117647058824,"furniture/equipment",0
0.196428571428571,1,"2","own","moderate","moderate",0.309012875536481,0.205882352941176,"car",0
0.678571428571429,1,"1","rent","0","0",0.055793991416309,0.117647058823529,"business",0
0.25,0,"3","own","little","rich",0.0673489600528227,0.117647058823529,"furniture/equipment",0
0.107142857142857,1,"1","own","little","moderate",0.247386376141741,0.602941176470588,"radio/TV",1
0.214285714285714,1,"2","free","little","0",0.322438648618906,0.647058823529412,"education",0
0.321428571428571,1,"2","own","little","rich",0.101793771321668,0.205882352941176,"radio/TV",1
0.321428571428571,1,"2","own","little","rich",0.0536480686695279,0.0882352941176471,"domestic appliances",0
0.0892857142857143,1,"2","own","little","moderate",0.011444921316166,0.0735294117647059,"radio/TV",0
0.196428571428571,1,"3","own","quite rich","0",0.114614284142181,0.382352941176471,"radio/TV",0
0.125,1,"2","own","quite rich","moderate",0.0499614834378783,0.117647058823529,"radio/TV",0
0.446428571428571,1,"1","own","little","moderate",0.32761087267525,0.205882352941176,"repairs",0
0.0892857142857143,1,"2","rent","moderate","little",0.326675470452295,0.382352941176471,"car",0
0.696428571428571,0,"1","free","little","little",0.324254429404644,0.647058823529412,"car",1
0.285714285714286,0,"3","own","little","0",0.0628920435787389,0.102941176470588,"car",0
0.357142857142857,1,"2","own","quite rich","0",0.112743479696269,0.470588235294118,"radio/TV",0
0.0714285714285714,0,"0","rent","quite rich","little",0.06063607351161,0.0294117647058824,"car",0
0.357142857142857,1,"1","own","little","0",0.383955100693298,0.102941176470588,"car",0
0.160714285714286,0,"2","own","moderate","0",0.100308132496974,0.117647058823529,"radio/TV",0
0.178571428571429,1,"1","own","0","moderate",0.114614284142181,0.294117647058824,"furniture/equipment",0
0.196428571428571,1,"3","own","little","moderate",0.314460217893694,0.338235294117647,"car",0
0.107142857142857,1,"2","own","little","0",0.0556839440959613,0.117647058823529,"radio/TV",0
0.214285714285714,1,"2","own","0","0",0.17211400902388,0.205882352941176,"car",0
0.678571428571429,1,"2","free","little","moderate",0.108671728843403,0.470588235294118,"car",1
0.125,1,"1","own","0","0",0.0293276108726753,0.0294117647058824,"car",0
0.589285714285714,1,"3","own","0","moderate",0.342137118961153,0.117647058823529,"radio/TV",1
0.214285714285714,0,"2","own","little","0",0.512600418179817,0.470588235294118,"radio/TV",0
0.0714285714285714,0,"3","own","little","rich",0.0941454825574997,0.205882352941176,"car",0
0.0714285714285714,0,"1","rent","little","little",0.328986464179597,0.470588235294118,"furniture/equipment",1
0.142857142857143,1,"2","own","little","moderate",0.0627819962583911,0.0735294117647059,"business",0
0.553571428571429,1,"2","own","0","moderate",0.0708154506437768,0.161764705882353,"radio/TV",0
0.75,1,"3","free","little","moderate",0.0937052932761087,0.470588235294118,"business",1
0.107142857142857,1,"2","own","little","moderate",0.779740288323979,0.647058823529412,"business",1
0.125,0,"2","own","little","0",0.161274347969627,0.294117647058824,"radio/TV",0
0.517857142857143,1,"2","own","0","0",0.271816881258941,0.338235294117647,"repairs",0
0.178571428571429,0,"2","own","little","0",0.105700451194013,0.117647058823529,"radio/TV",0
0.0535714285714286,1,"2","own","rich","moderate",0.0416529107516232,0.117647058823529,"car",0
0.321428571428571,1,"2","free","little","0",0.0863321228128095,0.470588235294118,"education",1
0.107142857142857,0,"2","own","0","0",0.117970727412787,0.470588235294118,"radio/TV",0
0.196428571428571,0,"2","own","little","0",0.433751513150655,0.470588235294118,"car",0
0.482142857142857,1,"1","rent","0","0",0.0264113568834599,0.0441176470588235,"radio/TV",0
0.571428571428571,1,"3","free","little","little",0.0502916253989215,0.0588235294117647,"vacation/others",0
0.392857142857143,0,"1","own","little","moderate",0.313854957631782,0.558823529411765,"business",0
0.375,1,"3","own","0","little",0.0950258611202817,0.470588235294118,"education",1
0.839285714285714,1,"3","free","little","little",0.0702101903818642,0.117647058823529,"car",0
0.267857142857143,1,"2","own","little","little",0.204412897545945,0.558823529411765,"radio/TV",1
0.571428571428571,1,"2","own","little","moderate",0.248761967646088,0.102941176470588,"radio/TV",0
0.357142857142857,1,"1","own","0","0",0.505447342357214,0.735294117647059,"car",0
0.0535714285714286,1,"2","own","little","moderate",0.197094750742819,0.382352941176471,"furniture/equipment",0
0.446428571428571,0,"2","own","0","0",0.313249697369869,0.294117647058824,"radio/TV",1
0.5,1,"2","own","quite rich","0",0.0529877847474414,0.161764705882353,"radio/TV",0
0.0892857142857143,0,"1","rent","moderate","0",0.0725211841091669,0.205882352941176,"business",0
0.696428571428571,0,"1","own","little","little",0.0828106085616815,0.294117647058824,"vacation/others",0
0.589285714285714,1,"1","own","little","little",0.113623858259051,0.0882352941176471,"radio/TV",0
0.178571428571429,0,"3","own","little","0",0.0639374931220425,0.117647058823529,"business",0
0.142857142857143,0,"2","own","little","moderate",0.0574997248816991,0.205882352941176,"furniture/equipment",0
0.5,1,"2","free","moderate","moderate",0.68020248706944,0.470588235294118,"education",1
0.196428571428571,1,"3","own","moderate","little",0.109992296687576,0.205882352941176,"car",0
0.160714285714286,1,"2","own","little","little",0.0472103004291846,0.117647058823529,"repairs",1
0.660714285714286,1,"2","own","little","0",0.0202487069439859,0.117647058823529,"radio/TV",0
0.625,1,"2","own","little","little",0.0637724221415209,0.117647058823529,"car",0
0.25,0,"1","own","0","0",0.0300979421151095,0.117647058823529,"radio/TV",1
0.0178571428571429,1,"2","rent","0","rich",0.185264663805436,0.294117647058824,"furniture/equipment",0
0.625,1,"2","own","rich","moderate",0.0587652690656982,0.117647058823529,"car",0
0.696428571428571,1,"2","rent","little","moderate",0.863596346428964,0.735294117647059,"business",1
0.75,0,"2","own","0","0",0.0969516892263673,0.117647058823529,"education",0
0.267857142857143,1,"2","own","moderate","moderate",0.130516121932431,0.205882352941176,"business",0
0.303571428571429,1,"2","own","little","moderate",0.114834378782877,0.470588235294118,"radio/TV",0
0.303571428571429,1,"3","rent","0","moderate",0.374546054803566,0.235294117647059,"car",0
0.392857142857143,1,"1","rent","moderate","0",0.0670738417519533,0.294117647058824,"car",0
0.0892857142857143,1,"2","rent","little","moderate",0.114064047540442,0.470588235294118,"radio/TV",0
0.0892857142857143,0,"2","own","little","0",0.0375261362385826,0.0294117647058824,"radio/TV",0
0.285714285714286,1,"2","rent","little","moderate",0.091834488830197,0.0735294117647059,"furniture/equipment",0
0.125,1,"2","rent","0","0",0.120776934081655,0.117647058823529,"car",0
0.357142857142857,1,"3","own","little","moderate",0.643116540112248,0.294117647058824,"vacation/others",1
0.357142857142857,1,"3","own","little","0",0.341586882359415,0.205882352941176,"car",1
0.232142857142857,1,"2","own","little","moderate",0.320677891493342,0.117647058823529,"car",0
0.196428571428571,0,"2","own","0","little",0.411081765159018,0.294117647058824,"furniture/equipment",0
0.285714285714286,1,"2","own","quite rich","moderate",0.0638274458016947,0.147058823529412,"business",0
0.214285714285714,1,"2","own","moderate","moderate",0.0659733685484758,0.0294117647058824,"business",0
0.0714285714285714,0,"2","rent","little","rich",0.00781335974469022,0.161764705882353,"education",0
0.160714285714286,1,"1","rent","little","moderate",0.330692197644987,0.205882352941176,"car",0
0.107142857142857,0,"2","own","little","0",0.418454935622318,0.470588235294118,"car",1
0.285714285714286,1,"2","own","quite rich","little",0.0786838340486409,0.117647058823529,"radio/TV",0
0.5,1,"2","own","0","0",0.183118741058655,0.647058823529412,"radio/TV",0
0.196428571428571,0,"3","own","0","little",0.380983823043909,0.558823529411765,"radio/TV",1
0.142857142857143,0,"2","rent","0","little",0.103554528447232,0.0882352941176471,"furniture/equipment",0
0.0714285714285714,0,"2","own","quite rich","little",0.221800374160889,0.426470588235294,"furniture/equipment",1
0.303571428571429,1,"3","own","quite rich","moderate",0.116430064927919,0.117647058823529,"car",0
0.107142857142857,0,"2","own","little","little",0.0872125013755915,0.25,"radio/TV",1
0.392857142857143,0,"3","rent","little","0",0.199075602509079,0.294117647058824,"car",0
0.0892857142857143,1,"1","rent","little","0",0.0835259161439419,0.117647058823529,"furniture/equipment",0
0.785714285714286,1,"2","free","little","rich",0.0292175635523275,0.0882352941176471,"car",0
0.142857142857143,0,"2","rent","0","moderate",0.0921096071310664,0.205882352941176,"furniture/equipment",1
0.196428571428571,1,"2","own","little","little",0.10294926818532,0.117647058823529,"car",0
0.375,1,"1","own","little","little",0.0248156707384175,0.117647058823529,"radio/TV",0
0.196428571428571,1,"2","own","little","moderate",0.0214042038076373,0.117647058823529,"repairs",1
0.267857142857143,1,"3","own","little","moderate",0.0885880928799384,0.117647058823529,"car",0
0.178571428571429,0,"2","own","little","little",0.178771871904919,0.117647058823529,"car",1
0.0892857142857143,0,"2","own","0","moderate",0.453229888852206,0.647058823529412,"car",0
0.178571428571429,1,"2","own","little","little",0.365192032574007,0.470588235294118,"education",1
0.142857142857143,1,"1","own","little","0",0.135248156707384,0.161764705882353,"furniture/equipment",0
0.5,1,"2","free","little","0",0.0954110267414988,0.205882352941176,"furniture/equipment",0
0.0357142857142857,0,"2","own","moderate","0",0.544404093760317,0.823529411764706,"radio/TV",0
0.339285714285714,0,"2","own","0","0",0.054473423572136,0.117647058823529,"radio/TV",0
0.142857142857143,1,"2","own","rich","0",0.460162870034115,0.338235294117647,"car",0
0.839285714285714,1,"1","own","quite rich","moderate",0.0283922086497194,0.117647058823529,"radio/TV",1
0.285714285714286,1,"2","own","0","moderate",0.136348629910862,0.161764705882353,"radio/TV",0
0.446428571428571,0,"1","rent","little","rich",0.0897435897435897,0.117647058823529,"radio/TV",0
0.142857142857143,1,"0","own","rich","rich",0.0252558600198085,0.0294117647058824,"car",0
0.196428571428571,0,"3","own","little","moderate",0.250082535490261,0.470588235294118,"radio/TV",0
0.142857142857143,1,"3","own","little","little",0.174204908110487,0.338235294117647,"radio/TV",0
0.0535714285714286,1,"2","own","little","little",0.121712336304611,0.205882352941176,"furniture/equipment",1
0.0714285714285714,0,"2","own","little","0",0.112138219434357,0.25,"furniture/equipment",0
0.196428571428571,1,"2","own","moderate","moderate",0.182458457136569,0.647058823529412,"business",0
0.357142857142857,0,"2","own","little","little",0.0335644327060636,0.0294117647058824,"car",0
0.571428571428571,0,"2","own","moderate","0",0.0237702211951139,0.117647058823529,"car",0
0.160714285714286,1,"2","own","little","little",0.281776163750413,0.470588235294118,"furniture/equipment",0
0.482142857142857,1,"2","own","rich","0",0.0732915153516012,0.205882352941176,"radio/TV",0
0.410714285714286,1,"2","free","moderate","0",0.0603059315505667,0.0294117647058824,"radio/TV",0
0.339285714285714,1,"2","own","little","0",0.0921096071310664,0.0882352941176471,"radio/TV",0
0.0892857142857143,1,"2","own","little","rich",0.308022449653351,0.470588235294118,"radio/TV",0
0.178571428571429,0,"2","rent","rich","moderate",0.413117640585452,0.294117647058824,"car",0
0.303571428571429,1,"3","rent","moderate","moderate",0.369593925387917,0.294117647058824,"business",0
0.0178571428571429,0,"2","rent","little","little",0.0567844172994388,0.117647058823529,"furniture/equipment",1
0.517857142857143,1,"2","own","moderate","little",0.057114559260482,0.0735294117647059,"repairs",0
0.464285714285714,1,"1","own","little","little",0.00489710575547485,0.117647058823529,"education",0
0.339285714285714,1,"2","own","moderate","moderate",0.179487179487179,0.294117647058824,"car",0
0.267857142857143,1,"1","own","0","0",0.0906789919665456,0.0294117647058824,"radio/TV",0
0.303571428571429,1,"2","own","moderate","0",0.1442720369759,0.294117647058824,"radio/TV",0
0.196428571428571,0,"2","own","little","0",0.0442940464399692,0.205882352941176,"car",0
0.303571428571429,1,"2","own","quite rich","0",0.0556839440959613,0.161764705882353,"domestic appliances",0
0.910714285714286,1,"3","free","little","moderate",0.388356993507208,0.0882352941176471,"car",0
0.303571428571429,1,"2","own","quite rich","0",0.0362605920545835,0.470588235294118,"car",0
0.232142857142857,1,"2","own","quite rich","0",0.15010454495433,0.0294117647058824,"furniture/equipment",0
0.25,0,"2","own","little","little",0.0484758446131837,0.205882352941176,"furniture/equipment",1
0.0178571428571429,0,"2","own","rich","moderate",0.0730163970507318,0.102941176470588,"furniture/equipment",0
0.107142857142857,0,"2","rent","little","0",0.204798063167162,0.294117647058824,"furniture/equipment",0
0.214285714285714,1,"2","own","little","moderate",0.092714867392979,0.294117647058824,"business",1
0.25,1,"2","rent","little","little",0.0385165621217123,0.161764705882353,"car",1
0.125,0,"2","own","little","0",0.0282271376691978,0.117647058823529,"furniture/equipment",0
0.267857142857143,0,"3","own","little","moderate",0.0998129195554088,0.294117647058824,"furniture/equipment",1
0.25,1,"2","own","little","moderate",0.0640475404423902,0.0588235294117647,"radio/TV",0
0.125,1,"2","own","little","little",0.17409486079014,0.25,"education",1
0.607142857142857,0,"3","own","0","0",0.398096181357984,0.382352941176471,"car",1
0.410714285714286,1,"2","own","little","little",0.128040057224607,0.117647058823529,"furniture/equipment",0
0.589285714285714,1,"2","own","quite rich","little",0.00484208209530098,0.0294117647058824,"radio/TV",0
0.214285714285714,1,"3","rent","little","0",0.0942555298778475,0.117647058823529,"radio/TV",0
0.821428571428571,1,"2","own","little","little",0.0176625949158138,0.25,"car",0
0.160714285714286,1,"2","own","little","0",0.512930560140861,0.470588235294118,"business",1
0.196428571428571,1,"3","own","little","moderate",0.231374491031143,0.470588235294118,"business",1
0.375,1,"1","own","0","little",0.0768680532629031,0.25,"car",1
0.553571428571429,1,"2","own","rich","0",0.194068449433256,0.294117647058824,"furniture/equipment",0
0.303571428571429,1,"2","own","little","moderate",0.0348850005502366,0.205882352941176,"car",1
0.214285714285714,1,"2","own","little","0",0.061076262793001,0.161764705882353,"radio/TV",0
0.982142857142857,0,"3","free","little","moderate",0.268460437988335,0.0735294117647059,"car",1
0.875,1,"0","free","little","moderate",0.0508968856608342,0.176470588235294,"car",0
0.0178571428571429,1,"2","own","moderate","little",0.0233300319137229,0.117647058823529,"radio/TV",1
0.25,0,"2","own","little","moderate",0.164740838560581,0.205882352941176,"furniture/equipment",0
0.625,1,"3","own","rich","0",0.23885770881479,0.294117647058824,"business",1
0.267857142857143,1,"1","free","moderate","moderate",0.197755034664906,0.647058823529412,"business",1
0.303571428571429,1,"2","own","little","moderate",0.201661714537251,0.338235294117647,"business",1
0.178571428571429,1,"2","rent","little","0",0.102233960603059,0.0294117647058824,"radio/TV",0
0.0357142857142857,1,"2","rent","moderate","moderate",0.153020798943546,0.602941176470588,"radio/TV",1
0.267857142857143,0,"3","own","little","moderate",0.0688345988775173,0.0735294117647059,"education",1
0.160714285714286,0,"2","own","little","0",0.0622867833168262,0.0294117647058824,"radio/TV",0
0.142857142857143,0,"2","rent","moderate","moderate",0.0385715857818862,0.117647058823529,"furniture/equipment",1
0.303571428571429,1,"2","free","0","moderate",0.138109387036426,0.294117647058824,"car",0
0.375,1,"3","own","little","moderate",0.222680752723671,0.205882352941176,"furniture/equipment",1
0.589285714285714,1,"2","own","quite rich","0",0.0377462308792781,0.0735294117647059,"education",0
0.142857142857143,1,"1","own","little","little",0.050511720039617,0.117647058823529,"car",0
0.125,1,"2","own","little","0",0.267800154066248,0.338235294117647,"business",0
0.0357142857142857,1,"2","rent","little","little",0.0358754264333663,0.117647058823529,"education",1
0.339285714285714,1,"1","own","little","0",0.0685044569164741,0.117647058823529,"car",0
0.339285714285714,1,"3","free","little","little",0.570760426983603,0.382352941176471,"car",0
0.428571428571429,1,"2","own","little","0",0.092714867392979,0.117647058823529,"furniture/equipment",0
0.125,1,"2","own","little","moderate",0.064597777044129,0.117647058823529,"domestic appliances",0
0.0357142857142857,1,"1","own","little","little",0.347639484978541,0.294117647058824,"business",0
0.642857142857143,1,"2","own","rich","0",0.0639925167822163,0.117647058823529,"car",0
0.25,1,"2","own","0","0",0.155386816331022,0.0735294117647059,"radio/TV",0
0.464285714285714,0,"1","own","0","0",0.197259821723341,0.470588235294118,"radio/TV",0
0.553571428571429,1,"2","own","little","little",0.27748431825685,0.338235294117647,"business",1
0.839285714285714,1,"3","own","little","rich",0.0912292285682844,0.382352941176471,"business",1
0.571428571428571,1,"2","own","0","0",0.170133157257621,0.470588235294118,"radio/TV",0
0.357142857142857,0,"1","own","0","moderate",0.0375261362385826,0.0294117647058824,"education",0
0.214285714285714,1,"2","own","little","little",0.157037526136239,0.205882352941176,"business",0
0.0714285714285714,1,"2","own","little","rich",0.201551667216903,0.470588235294118,"radio/TV",0
0.0892857142857143,1,"1","rent","little","little",0.152470562341807,0.294117647058824,"furniture/equipment",0
0.803571428571429,0,"2","own","little","0",0.0612963574336965,0.0882352941176471,"car",0
0.125,1,"1","own","little","moderate",0.020633872565203,0.117647058823529,"radio/TV",0
0.0714285714285714,0,"2","rent","0","little",0.052272477165181,0.117647058823529,"education",0
0.196428571428571,1,"2","own","little","0",0.0251458126994608,0.117647058823529,"radio/TV",0
0.232142857142857,1,"2","own","0","0",0.15010454495433,0.294117647058824,"business",0
0.196428571428571,1,"2","own","little","0",0.242489270386266,0.161764705882353,"car",0
0.142857142857143,1,"2","own","little","0",0.130020908990866,0.470588235294118,"repairs",0
0.142857142857143,1,"2","own","rich","moderate",0.589358424122373,0.647058823529412,"radio/TV",1
0.607142857142857,1,"3","free","little","little",0.419005172224056,0.117647058823529,"furniture/equipment",1
0.0535714285714286,1,"2","own","little","0",0.0675690546935182,0.0735294117647059,"radio/TV",1
0.0535714285714286,1,"2","free","little","little",0.159513590844063,0.294117647058824,"furniture/equipment",0
0.125,1,"2","own","little","rich",0.217893694288544,0.470588235294118,"radio/TV",1
0.571428571428571,1,"1","free","quite rich","0",0.124188401012435,0.0735294117647059,"car",0
0.285714285714286,1,"2","own","moderate","0",0.104049741388797,0.117647058823529,"radio/TV",0
0.107142857142857,1,"1","own","little","moderate",0.0338945746671069,0.205882352941176,"radio/TV",0
0.410714285714286,1,"1","own","little","0",0.071200616264994,0,"radio/TV",0
0.196428571428571,1,"3","own","little","little",0.086552217453505,0.294117647058824,"radio/TV",1
0.0714285714285714,1,"0","own","0","moderate",0.787113458787279,0.0294117647058824,"car",1
0.75,1,"1","rent","moderate","moderate",0.138494552657643,0.25,"business",1
0.285714285714286,0,"2","own","little","0",0.0572796302410036,0.117647058823529,"radio/TV",0
0.357142857142857,1,"2","own","little","little",0.125013755915043,0.382352941176471,"radio/TV",0
0.178571428571429,0,"2","own","0","little",0.0365907340156267,0.294117647058824,"car",1
0.571428571428571,1,"2","own","little","0",0.0740068229338616,0.0294117647058824,"radio/TV",0
0.0892857142857143,1,"2","free","little","little",0.239628040057225,0.647058823529412,"car",1
0.142857142857143,0,"2","own","little","0",0.0514471222625729,0.117647058823529,"business",0
0.285714285714286,0,"1","own","quite rich","0",0.175910641575878,0.117647058823529,"education",0
0.107142857142857,1,"2","own","little","0",0.0554638494552658,0.294117647058824,"business",0
0.589285714285714,1,"2","own","little","0",0.0256960493011995,0.117647058823529,"radio/TV",0
0.285714285714286,1,"2","rent","moderate","0",0.0524925718058765,0.0294117647058824,"car",0
0.125,1,"2","own","little","rich",0.0921646307912402,0.294117647058824,"furniture/equipment",0
0.0535714285714286,0,"2","rent","little","0",0.0100693298118191,0.205882352941176,"radio/TV",1
0.357142857142857,0,"1","own","rich","little",0.0228898426323319,0.0294117647058824,"car",0
0.482142857142857,0,"1","own","little","rich",0.110102344007923,0.117647058823529,"furniture/equipment",0
0.0892857142857143,0,"2","own","little","moderate",0.104544954330362,0.382352941176471,"car",1
0.285714285714286,1,"2","own","moderate","0",0.214647298338285,0.294117647058824,"furniture/equipment",0
0.0892857142857143,1,"2","own","0","moderate",0.0979421151094971,0.0735294117647059,"furniture/equipment",0
0.142857142857143,1,"1","own","0","moderate",0.394409596126334,0.823529411764706,"radio/TV",0
0.285714285714286,1,"1","own","little","0",0.133927588863211,0.294117647058824,"radio/TV",0
0.178571428571429,1,"2","free","little","little",0.104489930670188,0.117647058823529,"radio/TV",1
0.0714285714285714,0,"2","own","moderate","0",0.195994277539342,0.161764705882353,"car",0
0.678571428571429,0,"1","own","moderate","0",0.0497413887971828,0.102941176470588,"radio/TV",0
0.142857142857143,1,"2","own","little","little",0.0774182898646418,0.117647058823529,"furniture/equipment",0
0.642857142857143,0,"2","own","little","little",0.0744470122152526,0.294117647058824,"radio/TV",0
0.303571428571429,1,"3","free","little","little",0.277979531198415,0.205882352941176,"car",0
0.678571428571429,0,"1","free","little","0",0.137449103114339,0.117647058823529,"education",0
0.232142857142857,1,"1","own","little","0",0.0539782106305711,0.0882352941176471,"car",0
0.321428571428571,1,"2","own","little","moderate",0.0303730604159789,0.161764705882353,"radio/TV",1
0.303571428571429,1,"2","own","0","0",0.333113238692638,0.470588235294118,"business",0
0.339285714285714,0,"2","own","little","0",0.0705953560030813,0.294117647058824,"radio/TV",0
0.464285714285714,1,"3","own","little","little",0.480246505997579,0.147058823529412,"car",1
0.107142857142857,1,"2","own","0","0",0.0412127214702322,0.294117647058824,"radio/TV",0
0.232142857142857,1,"2","own","0","0",0.132717068339386,0.205882352941176,"car",0
0.321428571428571,0,"2","rent","quite rich","0",0.0633872565203037,0.117647058823529,"furniture/equipment",0
0.303571428571429,1,"3","free","0","moderate",0.655827005612413,0.647058823529412,"car",0
0.160714285714286,1,"2","own","little","moderate",0.154616485088588,0.647058823529412,"radio/TV",1
0.267857142857143,1,"1","own","little","little",0.646417959722681,0.382352941176471,"repairs",1
0.232142857142857,1,"2","own","little","0",0.134642896445472,0.0735294117647059,"radio/TV",0
0.125,0,"2","own","little","0",0.118520964014526,0.205882352941176,"radio/TV",0
0.535714285714286,1,"1","own","0","little",0.0556839440959613,0.117647058823529,"furniture/equipment",0
0.232142857142857,0,"2","own","little","0",0.239958182018268,0.0294117647058824,"furniture/equipment",1
0.178571428571429,1,"3","rent","moderate","0",0.0908440629470672,0.294117647058824,"radio/TV",0
0.0714285714285714,1,"2","rent","rich","0",0.171563772422142,0.161764705882353,"car",0
0.553571428571429,1,"2","own","little","0",0.0728513260702102,0.117647058823529,"furniture/equipment",0
0.535714285714286,1,"1","own","0","rich",0.0657532739077804,0.205882352941176,"radio/TV",0
0.785714285714286,1,"2","own","0","0",0.0698800484208209,0.161764705882353,"furniture/equipment",0
0.321428571428571,1,"2","own","moderate","moderate",0.199625839110818,0.294117647058824,"car",0
0.285714285714286,0,"1","own","little","little",0.576207769340817,0.632352941176471,"car",0
0.125,1,"2","own","little","little",0.249697369869044,0.647058823529412,"car",0
0.214285714285714,1,"3","free","moderate","moderate",0.40343347639485,0.647058823529412,"vacation/others",0
0.535714285714286,0,"2","own","little","moderate",0.0463299218664026,0.117647058823529,"radio/TV",0
0.517857142857143,1,"2","own","little","little",0.0425883129745791,0.294117647058824,"radio/TV",1
0.125,1,"2","own","little","0",0.0454495433036206,0.117647058823529,"business",0
0.160714285714286,1,"3","rent","little","moderate",0.503356443270606,0.470588235294118,"car",1
0.446428571428571,0,"3","free","little","little",0.339440959612633,0.294117647058824,"car",0
0.660714285714286,1,"2","free","little","rich",0.250137559150435,0.558823529411765,"car",0
0.482142857142857,1,"3","own","0","0",0.406019588423022,0.647058823529412,"business",0
0.125,0,"2","own","little","moderate",0.534279740288324,0.647058823529412,"furniture/equipment",1
0.0178571428571429,0,"2","rent","0","0",0.243479696269396,0.117647058823529,"car",0
0.464285714285714,1,"1","own","0","0",0.0570595356003081,0.0882352941176471,"car",0
0.428571428571429,1,"2","own","little","0",0.124628590293826,0.205882352941176,"furniture/equipment",0
0.232142857142857,1,"2","own","rich","moderate",0.137284032133818,0.25,"furniture/equipment",0
0.625,0,"0","own","little","0",0.0232199845933752,0.0294117647058824,"car",0
0.410714285714286,0,"2","own","little","moderate",0.195554088257951,0.470588235294118,"radio/TV",1
0.321428571428571,1,"1","own","0","rich",0.060195884230219,0.294117647058824,"car",1
0.535714285714286,1,"2","own","little","little",0.0433586442170133,0.0882352941176471,"car",0
0.446428571428571,1,"2","free","quite rich","0",0.543468691537361,0.647058823529412,"car",1
0.25,1,"2","own","rich","0",0.0711455926048201,0.0294117647058824,"furniture/equipment",0
0.0892857142857143,0,"1","rent","0","0",0.250962914053043,0.382352941176471,"car",0
0.25,1,"1","own","moderate","little",0.0262462859029383,0.117647058823529,"radio/TV",1
0.0892857142857143,0,"2","own","little","moderate",0.0543083525916144,0.0588235294117647,"furniture/equipment",1
0.0535714285714286,1,"1","rent","little","moderate",0.00143061516452074,0.0735294117647059,"car",0
0.375,1,"0","free","0","moderate",0.282326400352151,0.647058823529412,"vacation/others",0
0.107142857142857,1,"2","own","moderate","0",0.289479476174755,0.294117647058824,"furniture/equipment",0
0.125,0,"2","own","little","rich",0.192527786948388,0.294117647058824,"furniture/equipment",0
0.107142857142857,1,"1","own","little","moderate",0.0239352921756355,0.117647058823529,"car",1
0.178571428571429,1,"1","own","0","rich",0.0684494332563002,0,"car",0
0.214285714285714,1,"2","own","little","little",0.137339055793991,0.470588235294118,"furniture/equipment",1
0.339285714285714,1,"1","own","little","little",0.0252008363596346,0.117647058823529,"furniture/equipment",0
0.517857142857143,0,"1","own","0","moderate",0.22565203037306,0.294117647058824,"furniture/equipment",0
0.232142857142857,1,"2","own","little","0",0.0248156707384175,0.117647058823529,"education",0
0.142857142857143,0,"1","own","little","little",0.186695278969957,0.161764705882353,"furniture/equipment",0
0.160714285714286,1,"3","own","little","moderate",0.220039617035325,0.382352941176471,"car",1
0.232142857142857,1,"2","own","little","little",0.0928799383735006,0.294117647058824,"radio/TV",1
0.267857142857143,1,"3","free","little","little",0.146362936062507,0.294117647058824,"car",0
0.160714285714286,1,"2","own","rich","little",0.132551997358864,0.205882352941176,"furniture/equipment",0
0.303571428571429,0,"2","own","little","0",0.0428084076152746,0.205882352941176,"car",0
0.357142857142857,1,"1","own","little","little",0.173214482227358,0.0588235294117647,"car",0
0.535714285714286,1,"2","rent","0","0",0.305436337625179,0.117647058823529,"furniture/equipment",0
0.267857142857143,0,"2","own","rich","0",0.0701551667216903,0.294117647058824,"car",0
0.214285714285714,1,"2","own","little","rich",0.232364916914273,0.470588235294118,"radio/TV",0
0.160714285714286,1,"2","own","little","moderate",0.0450093540222296,0.0294117647058824,"radio/TV",0
1,1,"3","free","little","little",0.350225597006713,0.294117647058824,"car",0
0.196428571428571,0,"2","own","moderate","0",0.0888081875206339,0.205882352941176,"education",1
0.0892857142857143,0,"3","own","moderate","moderate",0.393859359524596,0.823529411764706,"car",1
0.0892857142857143,0,"1","rent","moderate","0",0.62396830637174,0.647058823529412,"car",1
0.0714285714285714,1,"2","rent","little","little",0.212391328271157,0.294117647058824,"furniture/equipment",1
0.446428571428571,1,"3","rent","little","little",0.172444150984924,0.0294117647058824,"furniture/equipment",1
0.0714285714285714,0,"1","own","little","moderate",0.101848794981842,0.132352941176471,"radio/TV",0
0.0892857142857143,0,"2","rent","0","little",0.0563992516782216,0.161764705882353,"domestic appliances",1
0.160714285714286,1,"2","own","little","little",0.215637724221415,0.294117647058824,"furniture/equipment",0
0.214285714285714,1,"1","own","little","moderate",0.0699350720809948,0.0882352941176471,"furniture/equipment",0
0.0892857142857143,0,"2","free","little","moderate",0.302244965335094,0.294117647058824,"education",0
0.125,0,"1","rent","little","little",0.184274237922307,0.25,"furniture/equipment",0
0.107142857142857,1,"2","rent","quite rich","moderate",0.163035105095191,0.205882352941176,"radio/TV",0
0.25,1,"3","own","little","moderate",0.230494112468361,0.205882352941176,"business",0
0.321428571428571,1,"1","own","little","rich",0.203532518983163,0.0882352941176471,"car",0
0.428571428571429,0,"1","own","little","0",0.0665236051502146,0.161764705882353,"radio/TV",0
0.0714285714285714,1,"2","own","little","moderate",0.0347749532298889,0.132352941176471,"radio/TV",0
0.0714285714285714,0,"0","rent","quite rich","moderate",0.193022999889953,0.294117647058824,"radio/TV",0
0.267857142857143,1,"1","own","moderate","0",0.082150324639595,0.0294117647058824,"business",0
0.232142857142857,1,"2","free","rich","moderate",0.048750962914053,0.0735294117647059,"education",1
0.0714285714285714,0,"2","rent","little","0",0.0542533289314405,0.0735294117647059,"domestic appliances",0
0.178571428571429,0,"2","own","little","moderate",0.0390117750632772,0.0735294117647059,"furniture/equipment",1
0.339285714285714,1,"3","own","0","0",0.163915483657973,0.205882352941176,"car",0
0.160714285714286,1,"2","rent","little","little",0.327335754374381,0.117647058823529,"radio/TV",1
0.482142857142857,1,"2","free","quite rich","0",0.0262462859029383,0.0882352941176471,"education",0
0.0714285714285714,1,"1","own","little","moderate",0.0548035655331793,0.294117647058824,"car",1
0.535714285714286,1,"2","own","0","0",0.114504236821833,0.117647058823529,"radio/TV",0
0.125,1,"3","own","little","0",0.231814680312534,0.470588235294118,"radio/TV",1
0.160714285714286,1,"2","own","little","0",0.0289424452514581,0.117647058823529,"radio/TV",0
0.0714285714285714,0,"2","rent","little","little",0.118631011334874,0.382352941176471,"furniture/equipment",1
0.75,1,"2","free","0","moderate",0.0544183999119621,0.205882352941176,"education",0
0.321428571428571,1,"3","own","0","rich",0.173269505887532,0.117647058823529,"radio/TV",0
0.303571428571429,0,"2","own","little","rich",0.109882249367228,0.117647058823529,"car",0
0.0357142857142857,1,"2","rent","little","0",0.0834158688235941,0.0294117647058824,"furniture/equipment",0
0.107142857142857,1,"0","own","little","little",0.122317596566524,0.205882352941176,"furniture/equipment",1
0.303571428571429,1,"2","own","little","0",0.0710905689446462,0.117647058823529,"business",0
0.142857142857143,1,"2","own","little","0",0.198085176625949,0.205882352941176,"car",0
0.0535714285714286,0,"2","rent","little","little",0.187080444591174,0.205882352941176,"furniture/equipment",0
0.410714285714286,1,"2","own","little","little",0.175855617915704,0.470588235294118,"furniture/equipment",1
0.375,0,"2","rent","little","moderate",0.151370089138329,0.205882352941176,"furniture/equipment",0
0.303571428571429,1,"2","own","0","0",0.155661934631892,0.470588235294118,"car",0
0.25,1,"2","own","little","0",0.320237702211951,0.205882352941176,"radio/TV",0
0.0714285714285714,0,"2","rent","little","0",0.104324859689667,0.0882352941176471,"furniture/equipment",0
0.785714285714286,1,"3","free","0","0",0.743149554308353,0.823529411764706,"car",0
0.732142857142857,0,"3","free","moderate","moderate",0.799603829646748,0.823529411764706,"vacation/others",1
0.321428571428571,0,"2","rent","little","little",0.409100913392759,0.647058823529412,"business",1
0.267857142857143,1,"2","own","little","0",0.113898976559921,0.205882352941176,"radio/TV",0
0.303571428571429,1,"2","free","0","0",0.0327941014636294,0.0441176470588235,"radio/TV",0
0.678571428571429,1,"3","free","little","moderate",0.77407285132607,0.470588235294118,"car",1
0.589285714285714,0,"1","own","moderate","0",0.00616264993947397,0.0294117647058824,"car",0
0.357142857142857,1,"2","own","0","little",0.107956421261142,0.235294117647059,"furniture/equipment",0
0.339285714285714,0,"3","free","little","moderate",0.70023109937273,0.205882352941176,"car",1
0.107142857142857,0,"2","rent","0","0",0.0568394409596126,0.264705882352941,"car",0
0.125,1,"2","own","little","rich",0.0594255529877847,0.117647058823529,"car",0
0.125,1,"1","own","moderate","0",0.221305161219324,0.382352941176471,"business",0
0.107142857142857,0,"2","own","little","0",0.109387036425663,0.205882352941176,"radio/TV",0
0.0357142857142857,0,"2","rent","0","0",0.0482007263123143,0.205882352941176,"radio/TV",0
0.375,1,"3","own","little","moderate",0.391988555078684,0.205882352941176,"furniture/equipment",0
0.142857142857143,1,"2","own","quite rich","moderate",0.114229118520964,0.161764705882353,"business",0
0.142857142857143,0,"2","own","little","0",0.0659733685484758,0.0735294117647059,"business",0
0.196428571428571,1,"3","own","little","0",0.0863871464729834,0.205882352941176,"car",0
0,0,"1","rent","rich","moderate",0.0403323429074502,0.117647058823529,"furniture/equipment",0
0.357142857142857,1,"3","free","little","little",0.16501595686145,0.470588235294118,"car",0
0.214285714285714,0,"2","own","little","little",0.0939253879168042,0.0294117647058824,"radio/TV",0
0.214285714285714,1,"3","own","little","0",0.118631011334874,0.0735294117647059,"furniture/equipment",0
0.232142857142857,1,"2","rent","moderate","moderate",0.633322328601299,0.514705882352941,"education",0
0.642857142857143,0,"3","free","little","little",0.12809508088478,0.117647058823529,"furniture/equipment",0
0.482142857142857,1,"2","own","little","little",0.115439639044789,0.470588235294118,"furniture/equipment",0
0.482142857142857,1,"2","rent","little","moderate",0.0535380213491801,0.117647058823529,"car",1
0.428571428571429,0,"1","own","rich","0",0.0696599537801254,0.294117647058824,"radio/TV",0
0.357142857142857,1,"2","own","little","0",0.0672939363926488,0.205882352941176,"radio/TV",0
0.160714285714286,1,"2","own","0","moderate",0.090073731704633,0.205882352941176,"business",0
0.142857142857143,1,"2","own","little","0",0.4620886981402,0.294117647058824,"business",1
0.142857142857143,1,"1","own","little","0",0.0303730604159789,0.147058823529412,"car",0
0.428571428571429,1,"2","own","0","moderate",0.145757675800594,0.205882352941176,"car",0
0.0535714285714286,1,"2","own","little","moderate",0.098437328051062,0.294117647058824,"radio/TV",1
0.428571428571429,1,"2","own","0","0",0.107131066358534,0.294117647058824,"car",0
0.142857142857143,1,"2","own","little","little",0.0441839991196214,0.161764705882353,"radio/TV",0
0.125,1,"3","own","quite rich","0",0.164245625619016,0.294117647058824,"radio/TV",0
0.160714285714286,1,"2","own","quite rich","rich",0.0379113018597997,0.117647058823529,"car",1
0.0178571428571429,0,"2","own","little","moderate",0.094475624518543,0.294117647058824,"radio/TV",0
0.285714285714286,1,"3","own","little","0",0.385330692197645,0.426470588235294,"car",0
0.410714285714286,1,"3","own","little","0",0.112358314075052,0.117647058823529,"business",1
0.375,1,"1","rent","quite rich","0",0.0741168702542093,0.0882352941176471,"car",0
0.285714285714286,0,"2","own","0","little",0.0622317596566524,0.294117647058824,"car",1
0.285714285714286,1,"2","own","little","0",0.307692307692308,0.470588235294118,"car",0
0.25,1,"1","own","little","little",0.128150104544954,0.117647058823529,"car",1
0.0714285714285714,0,"2","rent","0","little",0.452349510289424,0.205882352941176,"education",0
0.214285714285714,0,"3","own","quite rich","0",0.139319907560251,0.25,"car",0
0.25,0,"2","own","0","moderate",0.0435787388577088,0.205882352941176,"car",1
0.0178571428571429,0,"2","rent","rich","0",0.161549466270496,0.161764705882353,"car",0
0.196428571428571,1,"2","own","0","moderate",0.0978320677891493,0.117647058823529,"car",0
0.5,1,"1","own","little","moderate",0.0389567514031033,0.117647058823529,"car",0
0.267857142857143,1,"3","own","moderate","0",0.0737867282931661,0.25,"furniture/equipment",0
0.107142857142857,0,"2","own","0","moderate",0.138219434356773,0.117647058823529,"furniture/equipment",1
0.0357142857142857,1,"2","rent","little","moderate",0.139154836579729,0.205882352941176,"car",0
0.178571428571429,1,"2","own","little","0",0.13717398481347,0.352941176470588,"radio/TV",0
0.482142857142857,1,"2","own","rich","0",0.0494662704963134,0.205882352941176,"radio/TV",0
0.0178571428571429,1,"2","own","little","0",0.0584901507648289,0.0735294117647059,"furniture/equipment",0
0.642857142857143,0,"0","free","little","little",0.0517222405634423,0.205882352941176,"repairs",1
0.982142857142857,1,"1","own","little","0",0.175965665236052,0.0147058823529412,"business",0
0.178571428571429,1,"3","own","little","moderate",0.609552107406185,0.294117647058824,"vacation/others",1
0.303571428571429,1,"3","free","little","little",0.0892483768020249,0.0294117647058824,"furniture/equipment",0
0.25,1,"2","own","little","0",0.0994827775943656,0.294117647058824,"repairs",0
0.107142857142857,1,"2","own","little","little",0.103774623087928,0.0735294117647059,"furniture/equipment",0
0.107142857142857,1,"2","own","0","moderate",0.0678991966545615,0.117647058823529,"radio/TV",1
0.0714285714285714,1,"1","rent","quite rich","0",0.0225597006712887,0.0294117647058824,"repairs",0
0.321428571428571,0,"2","own","rich","0",0.0570595356003081,0.294117647058824,"car",0
0.821428571428571,1,"0","own","little","little",0.172994387586662,0.558823529411765,"repairs",0
0.125,0,"0","own","little","rich",0.019753494002421,0.117647058823529,"business",1
0.357142857142857,1,"3","own","little","0",0.0899086607241114,0.117647058823529,"car",0
0.196428571428571,0,"2","own","little","little",0.0753824144382084,0.117647058823529,"furniture/equipment",0
0.178571428571429,1,"2","own","little","moderate",0.130901287553648,0.235294117647059,"vacation/others",0
0.392857142857143,1,"1","own","little","0",0.0258060966215473,0.117647058823529,"education",1
0.196428571428571,0,"3","own","little","moderate",0.266644657202597,0.647058823529412,"furniture/equipment",1
0.392857142857143,0,"1","rent","0","0",0.0546935182128315,0.0735294117647059,"education",0
0.267857142857143,0,"2","own","little","little",0.0875976669968086,0.470588235294118,"car",1
0.285714285714286,1,"2","own","little","moderate",0.127985033564433,0.0441176470588235,"radio/TV",0
0.642857142857143,0,"3","own","0","rich",0.064597777044129,0.117647058823529,"furniture/equipment",0
0.75,1,"2","own","rich","moderate",0.06943985913943,0.161764705882353,"repairs",1
0.196428571428571,1,"3","own","0","0",0.594475624518543,0.470588235294118,"car",0
0.178571428571429,0,"2","own","little","0",0.0147463409265984,0.0294117647058824,"radio/TV",0
0.267857142857143,1,"2","own","little","0",0.138054363376252,0.117647058823529,"furniture/equipment",0
0.285714285714286,1,"3","own","little","0",0.133157257620777,0.294117647058824,"car",0
0.214285714285714,1,"2","own","little","little",0.251293056014086,0.294117647058824,"car",1
0.178571428571429,0,"3","own","little","0",0.133652470562342,0.294117647058824,"car",0
0.303571428571429,1,"2","rent","little","little",0.201111477935512,0.102941176470588,"car",0
0.285714285714286,1,"2","free","little","little",0.172554198305271,0.117647058823529,"car",1
0.142857142857143,0,"2","own","little","little",0.00511720039617035,0.0294117647058824,"domestic appliances",0
0.232142857142857,1,"2","own","little","0",0.239022779795312,0.205882352941176,"radio/TV",0
0.321428571428571,1,"2","own","little","little",0.185429734785958,0.470588235294118,"furniture/equipment",0
0.303571428571429,1,"2","own","little","little",0.0809398041157698,0.161764705882353,"car",0
0.267857142857143,0,"3","rent","little","moderate",0.152250467701111,0.117647058823529,"furniture/equipment",0
0.339285714285714,1,"2","own","0","moderate",0.0277319247276329,0.117647058823529,"education",0
0.267857142857143,1,"2","own","little","0",0.0935402222955871,0.205882352941176,"business",0
0.785714285714286,1,"2","own","little","little",0.147133267304941,0.294117647058824,"car",0
0.178571428571429,0,"1","rent","little","little",0.0775283371849895,0.294117647058824,"radio/TV",1
0.232142857142857,1,"2","own","0","0",0.384505337295037,0.647058823529412,"radio/TV",0
0.125,0,"2","own","little","0",0.138329481677121,0.426470588235294,"business",0
0.285714285714286,1,"1","own","little","0",0.243699790910091,0.294117647058824,"car",0
0.0535714285714286,1,"2","rent","moderate","moderate",0.156377242214152,0.294117647058824,"radio/TV",1
0.0714285714285714,0,"2","own","little","little",0.0108946847144272,0.0294117647058824,"education",1
0.160714285714286,1,"1","own","little","little",0.0222295587102454,0.0735294117647059,"car",1
0.303571428571429,1,"3","own","0","0",0.0543633762517883,0.0294117647058824,"education",0
0.25,1,"2","own","little","moderate",0.0547485418730054,0.205882352941176,"radio/TV",1
0.125,0,"2","rent","little","little",0.157587762737977,0.205882352941176,"furniture/equipment",1
0.0892857142857143,1,"2","own","quite rich","0",0.127599867943216,0.514705882352941,"car",0
0.107142857142857,1,"2","own","little","rich",0.269725982172334,0.294117647058824,"radio/TV",0
0.357142857142857,1,"1","own","moderate","moderate",0.0433036205568394,0.117647058823529,"business",0
0.446428571428571,1,"2","own","little","little",0.0675690546935182,0.161764705882353,"furniture/equipment",0
0.0714285714285714,0,"1","own","little","moderate",0.182843622757786,0.117647058823529,"radio/TV",0
0.125,1,"2","own","little","moderate",0.0523275008253549,0.294117647058824,"car",0
0.678571428571429,0,"2","rent","rich","little",0.185539782106306,0.382352941176471,"furniture/equipment",0
0.196428571428571,0,"2","own","rich","0",0.0390667987234511,0.161764705882353,"furniture/equipment",0
0.446428571428571,1,"2","own","quite rich","0",0.0502366017387477,0.117647058823529,"car",0
0.5,1,"3","own","little","moderate",0.0527676901067459,0.0294117647058824,"car",1
0.589285714285714,1,"2","own","little","0",0.155551887311544,0.117647058823529,"radio/TV",0
0.767857142857143,0,"2","free","little","0",0.192967976229779,0.294117647058824,"car",0
0.285714285714286,1,"1","rent","moderate","0",0.0642676350830857,0.0882352941176471,"car",0
0.125,1,"2","rent","little","0",0.179817321448223,0.0294117647058824,"car",0
0.125,1,"2","own","little","0",0.0926598437328051,0.117647058823529,"radio/TV",0
0.410714285714286,0,"3","free","little","moderate",0.443930890282822,0.338235294117647,"business",1
0.142857142857143,0,"2","own","moderate","0",0.0543083525916144,0.0294117647058824,"radio/TV",0
0.339285714285714,1,"2","own","0","moderate",0.00649279190051722,0.0294117647058824,"radio/TV",0
0.357142857142857,1,"1","rent","little","little",0.103004291845494,0.117647058823529,"car",0
0.0178571428571429,1,"2","own","0","little",0.15109497083746,0.294117647058824,"furniture/equipment",1
0.178571428571429,1,"3","rent","moderate","moderate",0.483327830967316,0.470588235294118,"furniture/equipment",1
0.375,1,"2","own","little","0",0.0734565863321228,0.294117647058824,"furniture/equipment",0
0.232142857142857,1,"1","own","little","moderate",0.0578298668427424,0.205882352941176,"radio/TV",0
0.160714285714286,1,"2","own","moderate","rich",0.0590403873665676,0.0294117647058824,"car",0
0.142857142857143,0,"2","own","little","little",0.158082975679542,0.294117647058824,"car",1
0.410714285714286,1,"2","free","little","little",0.288489050291625,0.470588235294118,"car",0
0.535714285714286,1,"2","own","moderate","rich",0.0482007263123143,0.0735294117647059,"radio/TV",0
0.339285714285714,1,"2","own","moderate","moderate",0.053152855727963,0.294117647058824,"radio/TV",1
0.0892857142857143,0,"2","rent","little","little",0.0526576427863982,0.294117647058824,"car",1
0.142857142857143,1,"1","own","0","0",0.0582700561241334,0.0882352941176471,"car",1
0.303571428571429,1,"2","own","quite rich","rich",0.116099922966876,0.161764705882353,"car",0
0.267857142857143,1,"3","own","moderate","moderate",0.363156157147573,0.161764705882353,"car",1
0.160714285714286,1,"2","own","little","0",0.0639925167822163,0.294117647058824,"radio/TV",0
0.464285714285714,1,"3","own","moderate","0",0.458787278529768,0.514705882352941,"car",0
0.125,1,"2","own","little","little",0.0280070430285023,0.117647058823529,"car",1
0.232142857142857,1,"3","free","little","0",0.244084956531308,0.470588235294118,"car",0
0.125,1,"2","rent","little","rich",0.134092659843733,0.161764705882353,"business",0
0.0178571428571429,1,"2","rent","little","moderate",0.018432926158248,0.117647058823529,"radio/TV",0
0.625,1,"2","own","0","0",0.110322438648619,0.294117647058824,"car",0
0.321428571428571,0,"2","own","little","little",0.019753494002421,0.0294117647058824,"car",0
0.375,1,"1","own","little","little",0.0611312864531749,0.0294117647058824,"car",0
0.0714285714285714,0,"2","rent","little","0",0.378397711015737,0.470588235294118,"furniture/equipment",1
0.428571428571429,1,"2","own","moderate","little",0.0524375481457027,0.0294117647058824,"car",0
0.303571428571429,1,"2","free","0","0",0.0247606470782436,0.0294117647058824,"radio/TV",0
0.446428571428571,1,"2","free","little","0",0.28925938153406,0.294117647058824,"repairs",0
0.0892857142857143,0,"2","own","little","little",0.161769560911192,0.205882352941176,"radio/TV",1
0.607142857142857,1,"2","free","little","little",0.377957521734346,0.647058823529412,"furniture/equipment",1
0.0714285714285714,0,"2","own","moderate","0",0.178166611643006,0.294117647058824,"car",0
0.125,0,"1","own","little","moderate",0.0474854187300539,0.205882352941176,"radio/TV",0
0.196428571428571,1,"2","own","little","moderate",0.424562561901618,0.323529411764706,"car",0
0.214285714285714,0,"2","own","moderate","0",0.0705403323429074,0.161764705882353,"education",0
0.410714285714286,1,"1","own","little","0",0.0689446461978651,0,"radio/TV",0
0.214285714285714,1,"2","rent","little","little",0.112908550676791,0.470588235294118,"radio/TV",1
0.392857142857143,1,"1","own","little","little",0.0226697479916364,0.0294117647058824,"car",0
0.232142857142857,1,"2","own","little","moderate",0.111312864531749,0.470588235294118,"education",0
0.160714285714286,0,"2","rent","moderate","moderate",0.131011334873996,0.161764705882353,"car",1
0.392857142857143,1,"2","rent","little","0",0.0689446461978651,0.117647058823529,"car",0
0.125,1,"2","own","moderate","0",0.0583801034444811,0.294117647058824,"radio/TV",0
0.107142857142857,1,"2","own","0","0",0.157092549796412,0.294117647058824,"radio/TV",0
0.25,1,"2","rent","little","rich",0.113843952899747,0.25,"education",1
1,0,"3","own","0","little",0.0618465940354352,0.0294117647058824,"car",0
0.321428571428571,0,"2","own","little","moderate",0.184989545504567,0.205882352941176,"furniture/equipment",0
0.410714285714286,1,"3","free","little","little",0.413392758886321,0.647058823529412,"car",1
0.464285714285714,0,"1","own","little","rich",0.154011224826675,0.205882352941176,"furniture/equipment",0
0.0714285714285714,1,"2","rent","little","moderate",0.0706503796632552,0.117647058823529,"radio/TV",1
0.732142857142857,1,"2","free","little","0",0.0980521624298448,0.294117647058824,"car",0
0.214285714285714,1,"2","own","0","little",0.335644327060636,0.382352941176471,"furniture/equipment",1
0.267857142857143,1,"1","own","little","rich",0.143831847694509,0.205882352941176,"furniture/equipment",1
0.75,1,"1","own","little","0",0.0552987784747441,0.117647058823529,"car",0
0.428571428571429,1,"2","free","little","little",0.0595906239683064,0.294117647058824,"car",1
0.321428571428571,0,"2","own","little","0",0.0975019258281061,0.294117647058824,"car",0
0.232142857142857,1,"2","own","little","0",0.0716408055463849,0.294117647058824,"radio/TV",0
0.0892857142857143,0,"1","own","little","little",0.0206888962253769,0.117647058823529,"radio/TV",1
0.285714285714286,1,"2","free","0","0",0.473643666776714,0.647058823529412,"car",0
0.0714285714285714,0,"2","own","0","0",0.0410476504897106,0.117647058823529,"repairs",0
0.464285714285714,1,"1","own","quite rich","0",0.0825354902608122,0.0294117647058824,"radio/TV",0
0.267857142857143,1,"2","own","little","little",0.371354682513481,0.647058823529412,"radio/TV",1
0.142857142857143,1,"2","own","moderate","moderate",0.0960162870034115,0.117647058823529,"car",0
0.857142857142857,0,"3","own","little","moderate",0.0522174535050072,0.0735294117647059,"education",0
0.0535714285714286,1,"2","own","little","moderate",0.0594805766479586,0.117647058823529,"radio/TV",1
0.160714285714286,0,"2","own","moderate","moderate",0.111587982832618,0.205882352941176,"car",1
0.178571428571429,0,"2","own","0","0",0.261527456806427,0.25,"car",1
0.142857142857143,1,"2","own","little","little",0.181688125894134,0.294117647058824,"furniture/equipment",1
0.214285714285714,1,"1","own","little","moderate",0.0923297017717619,0.205882352941176,"furniture/equipment",1
0.535714285714286,1,"2","free","0","little",0.149334213711896,0.294117647058824,"car",0
0.0892857142857143,1,"1","rent","little","little",0.0713106635853417,0.294117647058824,"radio/TV",1
0.178571428571429,0,"2","own","little","rich",0.0238252448552878,0.0294117647058824,"radio/TV",0
0.321428571428571,1,"2","free","0","moderate",0.667932210850666,0.470588235294118,"car",1
0.321428571428571,1,"3","own","0","moderate",0.245515571695829,0.294117647058824,"business",0
0.0714285714285714,0,"2","rent","moderate","moderate",0.0716958292065588,0.294117647058824,"radio/TV",0
0.303571428571429,1,"2","own","little","little",0.0617365467150875,0.117647058823529,"car",1
0.267857142857143,1,"2","own","rich","0",0.12809508088478,0.294117647058824,"radio/TV",0
0.392857142857143,1,"2","own","0","moderate",0.205183228788379,0.647058823529412,"radio/TV",0
0.214285714285714,0,"2","own","little","little",0.358093980411577,0.647058823529412,"radio/TV",1
0.0714285714285714,0,"1","rent","little","little",0.164190601958842,0.294117647058824,"furniture/equipment",1
0.339285714285714,1,"2","own","little","0",0.313854957631782,0.382352941176471,"radio/TV",0
0.125,0,"3","rent","0","0",0.285187630681193,0.294117647058824,"car",0
0.0535714285714286,0,"1","own","little","little",0.0305931550566744,0.161764705882353,"business",0
0.142857142857143,1,"1","own","little","moderate",0.0457796852646638,0.0735294117647059,"radio/TV",0
0.0892857142857143,0,"2","own","little","0",0.139650049521294,0.161764705882353,"furniture/equipment",0
0.142857142857143,0,"2","own","little","moderate",0.147463409265984,0.117647058823529,"radio/TV",0
0.25,0,"2","own","0","0",0.092274678111588,0.294117647058824,"education",0
0.142857142857143,1,"2","own","little","moderate",0.141410806646858,0.470588235294118,"car",1
0.142857142857143,1,"1","own","little","0",0.037801254539452,0.294117647058824,"education",0
0.196428571428571,1,"2","own","little","moderate",0.0443490701001431,0.205882352941176,"car",1
0.535714285714286,1,"1","own","little","moderate",0.158137999339716,0.117647058823529,"car",0
0.125,0,"2","rent","little","0",0.0626169252778695,0.0735294117647059,"furniture/equipment",0
0.25,1,"1","rent","little","moderate",0.117420490811049,0.470588235294118,"repairs",1
0.589285714285714,0,"3","free","0","0",0.103609552107406,0.117647058823529,"car",0
0.0178571428571429,0,"2","rent","little","little",0.098437328051062,0.205882352941176,"furniture/equipment",1
0.303571428571429,1,"2","rent","little","little",0.140255309783207,0.0735294117647059,"car",0
0.0357142857142857,1,"1","own","little","little",0.0571695829206559,0.117647058823529,"furniture/equipment",0
0.5,1,"1","own","little","little",0.0532078793881369,0.205882352941176,"domestic appliances",1
0.732142857142857,1,"2","own","little","little",0.109827225707054,0.117647058823529,"furniture/equipment",1
0.696428571428571,0,"1","own","little","little",0.00742819412347309,0.117647058823529,"radio/TV",0
0.410714285714286,0,"2","rent","0","moderate",0.0943655771981952,0.294117647058824,"car",0
0.303571428571429,0,"1","own","rich","0",0.0727412787498624,0.25,"business",0
0.0178571428571429,0,"1","rent","little","moderate",0.135798393309123,0.294117647058824,"car",1
0.375,1,"3","own","0","little",0.0609662154726532,0.294117647058824,"vacation/others",1
0.232142857142857,0,"1","own","moderate","moderate",0.0374711125784087,0.0294117647058824,"car",1
0.0714285714285714,0,"2","rent","little","little",0.0655882029272587,0.294117647058824,"car",1
0.303571428571429,1,"1","own","little","moderate",0.219599427753934,0.294117647058824,"business",1
0.214285714285714,1,"2","own","little","0",0.138934741939034,0.205882352941176,"car",1
0.232142857142857,1,"2","free","little","0",0.19880048420821,0.294117647058824,"business",0
0.464285714285714,0,"2","own","little","moderate",0.114394189501486,0.0441176470588235,"radio/TV",0
0.196428571428571,0,"2","own","little","moderate",0.0367558049961483,0.0735294117647059,"furniture/equipment",1
0.267857142857143,0,"1","free","little","moderate",0.0873225486959393,0.294117647058824,"education",1
0.160714285714286,0,"3","own","little","0",0.170518322878838,0.470588235294118,"furniture/equipment",1
0.0714285714285714,0,"2","own","little","rich",0.0563992516782216,0.0882352941176471,"furniture/equipment",0
0.0535714285714286,1,"2","own","quite rich","little",0.141850995928249,0.294117647058824,"furniture/equipment",0
0.982142857142857,1,"3","own","little","0",0.235281170903488,0.294117647058824,"business",0
0.553571428571429,0,"2","free","moderate","moderate",0.133212281280951,0.470588235294118,"radio/TV",1
0.25,1,"2","own","little","0",0.0990976119731485,0.205882352941176,"radio/TV",0
0.464285714285714,1,"2","free","0","0",0.0577748431825685,0.161764705882353,"car",0
0.0535714285714286,0,"2","own","moderate","little",0.0270166171453725,0.117647058823529,"domestic appliances",1
0.517857142857143,0,"1","free","moderate","rich",0.054473423572136,0.0882352941176471,"car",1
0.178571428571429,0,"2","own","rich","little",0.170958512160229,0.25,"radio/TV",0
0.0535714285714286,0,"2","rent","little","little",0.186090018708044,0.294117647058824,"car",0
0.0535714285714286,0,"2","own","little","0",0.0857268625508969,0.205882352941176,"furniture/equipment",1
0.517857142857143,1,"3","own","0","moderate",0.657752833718499,0.647058823529412,"business",0
0.142857142857143,1,"3","free","0","moderate",0.490095741168703,0.823529411764706,"radio/TV",0
0.321428571428571,1,"2","rent","little","little",0.188511059755695,0.0294117647058824,"car",0
0.0357142857142857,0,"2","rent","moderate","moderate",0.175580499614834,0.382352941176471,"furniture/equipment",1
0.535714285714286,1,"1","own","little","0",0.0214592274678112,0.117647058823529,"car",0
0.142857142857143,1,"2","own","little","moderate",0.187190491911522,0.25,"business",0
0.232142857142857,1,"2","own","little","0",0.0704302850225597,0.205882352941176,"car",1
0.339285714285714,1,"2","own","0","0",0.201606690877077,0.647058823529412,"business",1
0.0535714285714286,0,"2","rent","little","little",0.0884780455595906,0.117647058823529,"furniture/equipment",0
0.821428571428571,1,"2","free","little","little",0.129305601408606,0.205882352941176,"radio/TV",1
0.285714285714286,1,"2","own","0","0",0.0951359084406295,0.161764705882353,"radio/TV",0
0.392857142857143,1,"2","own","little","rich",0.10267414988445,0.0294117647058824,"furniture/equipment",0
0.178571428571429,1,"2","own","moderate","moderate",0.0653130846263894,0.0735294117647059,"car",1
0.303571428571429,1,"2","own","quite rich","0",0.208649719379333,0.558823529411765,"furniture/equipment",0
0.803571428571429,1,"1","own","0","0",0.197094750742819,0.0735294117647059,"education",0
0.160714285714286,0,"2","own","little","little",0.187630681192913,0.294117647058824,"radio/TV",0
0.446428571428571,1,"2","own","little","little",0.0716958292065588,0.205882352941176,"furniture/equipment",1
0.0714285714285714,1,"2","own","0","moderate",0.0656982502476065,0.161764705882353,"radio/TV",0
0,0,"2","rent","little","0",0.0951909321008033,0.0735294117647059,"furniture/equipment",1
0.107142857142857,0,"1","own","little","moderate",0.0608011444921316,0.294117647058824,"car",1
0.5,1,"2","own","little","0",0.0628920435787389,0.117647058823529,"education",0
0.160714285714286,0,"2","own","quite rich","0",0.061956641355783,0.294117647058824,"radio/TV",0
0.0357142857142857,1,"2","own","little","0",0.847529437658193,0.823529411764706,"radio/TV",0
0.267857142857143,0,"2","own","little","0",0.0683944095961263,0.117647058823529,"radio/TV",0
0.125,1,"2","own","little","little",0.226697479916364,0.558823529411765,"radio/TV",1
0.142857142857143,0,"0","own","little","little",0.0275118300869374,0.205882352941176,"education",1
0.339285714285714,1,"1","own","little","moderate",0.0582150324639595,0.161764705882353,"repairs",0
0.375,1,"3","own","moderate","0",0.240618465940354,0.161764705882353,"education",1
0.25,1,"2","own","little","0",0.0880928799383735,0.294117647058824,"radio/TV",0
0.232142857142857,1,"3","own","little","little",0.0896885660834159,0.205882352941176,"radio/TV",0
0.142857142857143,1,"2","rent","0","0",0.425332893144052,0.470588235294118,"business",1
0.232142857142857,1,"2","own","little","little",0.238417519533399,0.382352941176471,"furniture/equipment",0
0.125,0,"2","own","quite rich","0",0.0625068779575217,0.117647058823529,"car",1
0.339285714285714,1,"2","free","little","rich",0.0383514911411907,0.294117647058824,"car",1
0.375,1,"1","rent","little","little",0.0238802685154616,0.117647058823529,"education",1
0.553571428571429,1,"3","free","little","little",0.397600968416419,0.647058823529412,"education",0
0.321428571428571,1,"1","own","little","moderate",0.0919995598107186,0.117647058823529,"furniture/equipment",1
0.464285714285714,1,"2","own","little","little",0.112963574336965,0.294117647058824,"car",1
0.410714285714286,1,"3","own","moderate","moderate",0.431165401122483,0.470588235294118,"car",1
0.285714285714286,1,"2","own","little","0",0.115329591724442,0.294117647058824,"car",0
0.0535714285714286,1,"2","free","little","little",0.204853086827336,0.147058823529412,"car",0
0.392857142857143,1,"1","own","little","moderate",0.0351050951909321,0.117647058823529,"car",1
0.321428571428571,1,"2","own","0","0",0.548695939253879,0.647058823529412,"radio/TV",0
0.160714285714286,0,"2","own","little","moderate",0.218498954550457,0.382352941176471,"business",0
0.392857142857143,1,"2","own","little","moderate",0.336249587322549,0.205882352941176,"furniture/equipment",0
0.0714285714285714,1,"2","rent","little","rich",0.0576097722020469,0.117647058823529,"radio/TV",0
0.0714285714285714,1,"2","own","0","little",0.0357653791130186,0.117647058823529,"car",1
0.553571428571429,1,"2","own","little","0",0.109552107406185,0.25,"furniture/equipment",0
0.285714285714286,1,"3","own","little","moderate",0.0440189281390998,0.0294117647058824,"furniture/equipment",0
0.553571428571429,0,"1","own","little","rich",0.0438538571585782,0.0294117647058824,"education",0
0.142857142857143,1,"3","own","little","0",0.333663475294377,0.294117647058824,"vacation/others",0
0.267857142857143,1,"2","own","rich","moderate",0.178606800924397,0.382352941176471,"furniture/equipment",0
0.142857142857143,0,"2","own","little","0",0.184824474524045,0.647058823529412,"business",0
0.428571428571429,1,"2","rent","little","little",0.252723671178607,0.117647058823529,"car",1
0.5,1,"2","own","little","rich",0.152250467701111,0.382352941176471,"radio/TV",0
0.142857142857143,1,"1","own","moderate","0",0.213987014416199,0.294117647058824,"business",0
0.214285714285714,1,"2","own","moderate","0",0.30218994167492,0.470588235294118,"business",0
0.410714285714286,1,"3","own","little","0",0.556619346318917,0.823529411764706,"car",0
0.0892857142857143,1,"2","own","quite rich","0",0.100693298118191,0.0294117647058824,"car",0
0.392857142857143,1,"1","own","quite rich","0",0.128205128205128,0.25,"business",1
0.125,0,"3","rent","little","0",0.235501265544184,0.382352941176471,"radio/TV",0
0.25,1,"2","own","little","0",0.269615934851986,0.294117647058824,"furniture/equipment",0
0.0892857142857143,1,"2","own","moderate","moderate",0.294101463629361,1,"radio/TV",1
0.803571428571429,1,"1","rent","little","little",0.117420490811049,0.294117647058824,"radio/TV",0
0.125,0,"2","own","little","0",0.0661934631891713,0.205882352941176,"radio/TV",0
0.660714285714286,0,"2","own","little","0",0.0708704743039507,0.0294117647058824,"education",0
0.321428571428571,1,"2","free","0","0",0.111643006492792,0.117647058823529,"radio/TV",0
0.25,1,"2","own","little","0",0.0675690546935182,0.161764705882353,"radio/TV",0
0.5,1,"2","free","little","0",0.267029822823814,0.294117647058824,"radio/TV",0
0.214285714285714,1,"1","own","moderate","moderate",0.528612303290415,0.470588235294118,"business",0
0.267857142857143,1,"2","free","0","0",0.345383514911412,0.823529411764706,"car",0
0.142857142857143,1,"2","own","0","rich",0.0603609552107406,0.0882352941176471,"radio/TV",0
0.196428571428571,1,"2","free","moderate","moderate",0.143721800374161,0.470588235294118,"car",0
0.285714285714286,1,"2","own","moderate","0",0.137724221415209,0.0735294117647059,"radio/TV",0
0.214285714285714,1,"2","own","rich","little",0.187135468251348,0.117647058823529,"car",0
0.107142857142857,1,"2","own","little","little",0.0398921536260592,0.161764705882353,"furniture/equipment",0
0.107142857142857,0,"1","own","moderate","moderate",0.131011334873996,0.161764705882353,"repairs",0
0.178571428571429,1,"2","own","moderate","moderate",0.145592604820073,0.294117647058824,"radio/TV",0
0.446428571428571,1,"1","own","0","little",0.245735666336525,0.0294117647058824,"car",0
0.160714285714286,1,"2","own","little","0",0.111918124793661,0.294117647058824,"radio/TV",0
0.553571428571429,1,"2","rent","quite rich","0",0.0542533289314405,0.0294117647058824,"car",0
0.178571428571429,1,"2","own","little","moderate",0.0469351821283152,0.117647058823529,"radio/TV",0
0.339285714285714,0,"0","own","little","0",0.0371959942775393,0.117647058823529,"car",0
0.0892857142857143,1,"2","own","little","0",0.0852866732695059,0.205882352941176,"radio/TV",0
0.375,1,"3","rent","little","rich",0.0910641575877627,0.161764705882353,"education",0
0.178571428571429,0,"1","rent","quite rich","0",0.0480356553317927,0.117647058823529,"furniture/equipment",1
0.482142857142857,1,"2","free","little","little",0.334598877517332,0.647058823529412,"car",1
0.5,0,"2","free","moderate","rich",0.0620116650159569,0.294117647058824,"radio/TV",0
0.392857142857143,1,"2","own","moderate","moderate",0.12396830637174,0.382352941176471,"business",0
0.232142857142857,0,"2","own","little","moderate",0.125343897876087,0.338235294117647,"business",0
0.285714285714286,0,"2","free","quite rich","0",0.279190051722241,0.161764705882353,"car",0
0.0892857142857143,1,"2","own","moderate","moderate",0.34719929569715,0.647058823529412,"car",1
0.107142857142857,0,"2","rent","little","moderate",0.149609332012765,0.117647058823529,"furniture/equipment",1
0.107142857142857,0,"2","own","little","moderate",0.0526026191262243,0.0735294117647059,"radio/TV",0
0.321428571428571,1,"1","own","little","moderate",0.102784197204798,0.0735294117647059,"radio/TV",0
0.232142857142857,1,"3","own","quite rich","0",0.0208539672058985,0.205882352941176,"radio/TV",0
0.285714285714286,0,"2","free","little","little",0.0521624298448333,0.0294117647058824,"education",1
0.482142857142857,1,"3","own","0","0",0.122482667547045,0.25,"car",0
0.107142857142857,1,"1","own","little","little",0.0488610102344008,0.0735294117647059,"radio/TV",0
0.142857142857143,1,"3","own","little","moderate",0.758060966215473,0.823529411764706,"car",1
0.785714285714286,1,"2","own","0","0",0.404203807637284,0.382352941176471,"car",0
0.375,1,"2","own","0","0",0.155551887311544,0.382352941176471,"radio/TV",0
0.232142857142857,1,"3","free","little","0",0.0690546935182128,0.205882352941176,"radio/TV",0
0.214285714285714,1,"2","own","0","rich",0.159458567183889,0.294117647058824,"radio/TV",0
0.214285714285714,1,"2","own","moderate","moderate",0.324529547705513,0.235294117647059,"car",0
0.267857142857143,1,"3","own","little","rich",0.0598107186090019,0.0735294117647059,"radio/TV",1
0.0892857142857143,0,"2","rent","rich","moderate",0.0100693298118191,0.0294117647058824,"education",1
0.0892857142857143,0,"1","own","little","little",0.0538131396500495,0.117647058823529,"car",1
0.839285714285714,0,"1","own","quite rich","moderate",0.0297127764938924,0.0735294117647059,"radio/TV",0
0.0357142857142857,0,"2","rent","little","0",0.127654891603389,0.338235294117647,"car",1
0.392857142857143,0,"1","own","rich","0",0,0.0294117647058824,"car",0
0.5,1,"1","own","quite rich","0",0.0586552217453505,0.161764705882353,"radio/TV",0
0.107142857142857,0,"2","rent","little","little",0.0897986134037636,0.205882352941176,"radio/TV",1
0.714285714285714,0,"2","rent","little","moderate",0.339275888632112,0.647058823529412,"business",1
0.303571428571429,1,"2","own","rich","rich",0.0563992516782216,0.294117647058824,"business",0
0.25,1,"2","own","little","moderate",0.338560581049851,0.294117647058824,"radio/TV",0
0.0357142857142857,1,"1","rent","little","little",0.0955760977220205,0.294117647058824,"radio/TV",1
0.446428571428571,0,"1","own","little","moderate",0.0280620666886761,0.0588235294117647,"radio/TV",0
0.160714285714286,0,"2","rent","rich","0",0.129470672389127,0.294117647058824,"car",0
0.321428571428571,0,"2","own","little","0",0.172224056344228,0,"car",0
0.178571428571429,0,"0","own","0","moderate",0.205788489050292,0.470588235294118,"domestic appliances",0
0.0714285714285714,0,"3","rent","little","moderate",0.622317596566524,0.294117647058824,"car",1
0.285714285714286,1,"1","own","moderate","little",0.227247716518103,0.205882352941176,"car",0
0.464285714285714,1,"3","own","little","0",0.358259051392099,0.0294117647058824,"car",0
0.125,0,"1","rent","moderate","moderate",0.221745350500715,0.382352941176471,"business",1
0.232142857142857,1,"2","own","moderate","little",0.11417409486079,0.294117647058824,"car",0
0.0714285714285714,1,"1","own","little","moderate",0.0439088808187521,0.0882352941176471,"radio/TV",0
0.392857142857143,1,"2","own","0","0",0.160118851105976,0.25,"radio/TV",0
0.0535714285714286,1,"2","own","quite rich","little",0.122867833168262,0.294117647058824,"furniture/equipment",0
0.196428571428571,1,"3","own","0","little",0.766424562561902,0.514705882352941,"furniture/equipment",0
0.160714285714286,1,"1","own","little","little",0.0851216022889843,0.132352941176471,"business",0
0.0714285714285714,0,"2","rent","little","little",0.124408495653131,0.161764705882353,"car",0
0.321428571428571,0,"1","own","little","little",0.0563442280180478,0.117647058823529,"car",1
0.125,1,"2","own","0","0",0.275008253549026,0.25,"car",0
0.25,1,"2","own","little","0",0.152910751623198,0.161764705882353,"car",0
0.535714285714286,0,"2","own","little","little",0.00979421151094971,0.0294117647058824,"furniture/equipment",0
0.0714285714285714,0,"1","own","little","little",0.0399471772862331,0.205882352941176,"car",1
0.0714285714285714,0,"1","rent","moderate","moderate",0.03251898316276,0.117647058823529,"business",0
0.107142857142857,0,"2","own","little","0",0.303785627819963,0.382352941176471,"radio/TV",0
0.642857142857143,1,"2","free","rich","0",0.0718058765269066,0.117647058823529,"repairs",1
0.232142857142857,0,"2","rent","0","little",0.0569494882799604,0.294117647058824,"car",1
0.982142857142857,1,"0","own","little","rich",0.0577198195223946,0.0294117647058824,"car",0
0.357142857142857,1,"2","free","0","rich",0.0561791570375261,0.161764705882353,"radio/TV",1
0.214285714285714,1,"2","own","little","0",0.0628920435787389,0.294117647058824,"car",0
0.285714285714286,1,"2","own","little","little",0.0242654341366788,0.117647058823529,"car",1
0.714285714285714,0,"2","own","0","0",0.26383845053373,0.161764705882353,"car",0
0.0892857142857143,0,"2","rent","little","little",0.103114339165841,0.205882352941176,"furniture/equipment",1
0.0892857142857143,1,"1","own","little","little",0.10806646858149,0.117647058823529,"radio/TV",0
0.196428571428571,1,"3","free","0","0",0.683944095961263,0.25,"car",1
0.142857142857143,1,"2","own","moderate","0",0.121767359964785,0.294117647058824,"car",0
0.375,1,"1","own","little","moderate",0.0497964124573567,0.117647058823529,"radio/TV",0
0.214285714285714,1,"1","own","little","little",0.157257620776934,0.382352941176471,"furniture/equipment",1
0.214285714285714,0,"2","rent","0","0",0.145867723120942,0.0882352941176471,"car",0
0.160714285714286,1,"2","rent","little","moderate",0.185264663805436,0.117647058823529,"furniture/equipment",0
0.785714285714286,1,"1","own","little","0",0.077308242544294,0.117647058823529,"radio/TV",0
0.125,0,"2","rent","0","little",0.140970617365467,0.294117647058824,"car",0
0.107142857142857,0,"3","own","little","little",0.430009904258831,0.470588235294118,"education",1
0.303571428571429,1,"3","own","little","0",0.166446572025971,0.25,"car",0
0.589285714285714,1,"2","own","moderate","0",0.108561681523055,0.294117647058824,"radio/TV",0
0.839285714285714,1,"0","free","quite rich","rich",0.067679102013866,0.117647058823529,"car",0
0.107142857142857,0,"2","rent","0","little",0.0616815230549136,0.294117647058824,"car",1
0.321428571428571,1,"2","own","little","0",0.180752723671179,0.470588235294118,"car",0
0.107142857142857,0,"2","own","little","little",0.179322108506658,0.205882352941176,"radio/TV",0
0.339285714285714,1,"3","own","rich","0",0.30048420820953,0.470588235294118,"car",0
0.857142857142857,0,"2","own","little","moderate",0.199295697149774,0.205882352941176,"repairs",0
0.107142857142857,1,"2","own","little","moderate",0.257675800594256,0.514705882352941,"radio/TV",1
0.732142857142857,1,"2","own","rich","0",0.0929899856938484,0.294117647058824,"car",0
0.214285714285714,1,"1","own","little","moderate",0.0638274458016947,0.117647058823529,"education",0
0.0714285714285714,0,"1","own","moderate","moderate",0.0322438648618906,0.117647058823529,"car",1
0.732142857142857,1,"3","own","0","moderate",0.342137118961153,0.235294117647059,"car",0
0.285714285714286,1,"1","own","rich","moderate",0.0930450093540222,0.205882352941176,"business",0
0.375,1,"2","own","quite rich","0",0.133432375921646,0.264705882352941,"radio/TV",0
0.339285714285714,1,"2","own","0","0",0.137614174094861,0.647058823529412,"car",0
0.553571428571429,1,"2","free","little","moderate",0.328711345878728,0.647058823529412,"education",1
0.142857142857143,1,"2","own","little","little",0.316275998679432,0.529411764705882,"education",1
0.357142857142857,0,"2","own","little","moderate",0.0516121932430945,0.25,"business",1
0.392857142857143,1,"3","own","0","0",0.333608451634203,0.294117647058824,"car",0
0.142857142857143,1,"2","own","0","0",0.0534279740288324,0.0294117647058824,"furniture/equipment",0
0.571428571428571,1,"2","free","little","rich",0.145372510179377,0.294117647058824,"furniture/equipment",0
0.232142857142857,1,"2","rent","quite rich","0",0.154726532408936,0.294117647058824,"furniture/equipment",0
0.0535714285714286,0,"2","rent","moderate","0",0.112853527016617,0.0735294117647059,"furniture/equipment",0
0.571428571428571,1,"2","free","0","little",0.399526796522505,0.205882352941176,"car",1
0.0535714285714286,0,"1","rent","little","0",0.0554638494552658,0.117647058823529,"furniture/equipment",0
0.625,1,"2","own","0","0",0.0256960493011995,0.294117647058824,"car",0
0.285714285714286,1,"0","own","0","moderate",0.0714757345658633,0.0735294117647059,"car",0
0.625,1,"2","free","little","0",0.0741168702542093,0.294117647058824,"education",0
0.517857142857143,0,"1","rent","little","moderate",0.0850115549686365,0.205882352941176,"radio/TV",0
0.0892857142857143,0,"2","own","little","little",0.221305161219324,0.235294117647059,"furniture/equipment",0
0.285714285714286,1,"2","own","0","0",0.0399471772862331,0.117647058823529,"radio/TV",0
0.0892857142857143,0,"0","rent","0","moderate",0.397380873775724,0.117647058823529,"car",0
0.0892857142857143,1,"2","own","little","little",0.496368438428524,0.470588235294118,"car",1
0.125,1,"1","own","little","moderate",0.0187080444591174,0.0294117647058824,"radio/TV",0
0.821428571428571,1,"2","own","0","0",0.0374160889182348,0.117647058823529,"radio/TV",0
0.642857142857143,1,"3","free","little","moderate",0.497028722350611,0.558823529411765,"car",0
0.125,0,"0","rent","little","moderate",0.0840761527456806,0.161764705882353,"car",1
0.125,1,"2","own","little","moderate",0.0361505447342357,0.0588235294117647,"business",0
0.160714285714286,1,"1","own","little","moderate",0.0128755364806867,0.0294117647058824,"radio/TV",0
0.0892857142857143,1,"2","own","little","little",0.516066908770771,0.470588235294118,"car",1
0.625,1,"2","own","little","little",0.154121272147023,0.647058823529412,"domestic appliances",1
0.482142857142857,1,"2","free","little","little",0.202542093100033,0.647058823529412,"car",1
0.625,0,"2","rent","little","moderate",0.395179927368769,0.470588235294118,"car",0
0.767857142857143,1,"2","own","quite rich","0",0.0598657422691757,0.0294117647058824,"domestic appliances",0
0.0892857142857143,0,"2","rent","little","0",0.0717508528667327,0.0294117647058824,"radio/TV",0
0.428571428571429,1,"3","own","little","little",0.858754264333664,0.470588235294118,"vacation/others",0
0.125,1,"2","own","little","little",0.0602509078903929,0.205882352941176,"radio/TV",1
0.142857142857143,1,"2","own","little","0",0.0468251348079674,0.117647058823529,"car",0
0.0892857142857143,1,"2","own","little","rich",0.152195444040938,0.117647058823529,"radio/TV",0
0.392857142857143,1,"2","own","little","little",0.13546825134808,0.470588235294118,"furniture/equipment",1
0.5,1,"1","own","little","little",0.0264663805436338,0.0588235294117647,"car",0
0.285714285714286,1,"3","own","little","0",0.194233520413778,0.205882352941176,"furniture/equipment",0
0.196428571428571,1,"2","own","little","little",0.0743919885550787,0.25,"car",0
0.25,0,"2","rent","little","little",0.204467921206119,0.205882352941176,"car",1
0.303571428571429,1,"2","own","little","0",0.21541762958072,0.205882352941176,"business",1
0.5,1,"2","free","0","little",0.444866292505777,0.470588235294118,"car",1
0.339285714285714,1,"2","free","0","moderate",0.353857158578189,0.647058823529412,"business",0
0.446428571428571,1,"2","own","quite rich","0",0.116925277869484,0.294117647058824,"business",0
0.0714285714285714,0,"2","rent","little","little",0.053152855727963,0.205882352941176,"car",1
0.178571428571429,1,"2","rent","little","little",0.636403653571036,0.602941176470588,"business",1
0.410714285714286,0,"2","own","0","moderate",0.265984373280511,0.294117647058824,"radio/TV",0
0.107142857142857,0,"1","own","little","rich",0.114284142181138,0.161764705882353,"radio/TV",1
0.517857142857143,1,"2","own","little","little",0.0457796852646638,0.117647058823529,"car",1
0.0357142857142857,0,"2","own","0","0",0.0349950478705843,0.117647058823529,"radio/TV",0
0.0714285714285714,0,"1","rent","little","0",0.01931330472103,0,"furniture/equipment",0
0.785714285714286,1,"2","own","little","little",0.148949048090679,0.294117647058824,"car",0
0.482142857142857,1,"2","own","little","0",0.129910861670518,0.294117647058824,"radio/TV",0
0.178571428571429,1,"2","own","little","little",0.271211620997029,0.470588235294118,"furniture/equipment",1
0.160714285714286,1,"1","own","little","0",0.150929899856938,0.25,"car",0
0.0714285714285714,0,"2","own","little","0",0.09315505667437,0.205882352941176,"repairs",1
0.553571428571429,1,"2","own","little","0",0.0720259711676021,0.294117647058824,"business",0
0.5,1,"2","own","little","0",0.174535050071531,0.205882352941176,"furniture/equipment",0
0.285714285714286,1,"2","own","0","moderate",0.205018157807857,0.25,"furniture/equipment",0
0.875,1,"2","rent","0","0",0.358259051392099,0.205882352941176,"car",1
0.160714285714286,1,"2","own","little","0",0.0549686365137009,0.294117647058824,"car",0
0.714285714285714,1,"2","own","little","little",0.0612963574336965,0.0735294117647059,"radio/TV",0
0.678571428571429,1,"1","own","little","little",0.0252558600198085,0.117647058823529,"radio/TV",1
0.25,1,"2","rent","little","little",0.109221965445141,0.235294117647059,"car",1
0.428571428571429,1,"2","own","0","0",0.208649719379333,0.294117647058824,"car",0
0.285714285714286,1,"2","free","little","0",0.0671838890723011,0.161764705882353,"radio/TV",0
0.232142857142857,1,"1","free","little","little",0.0655882029272587,0.205882352941176,"car",1
0.464285714285714,1,"2","own","little","0",0.584626389347419,0.470588235294118,"car",0
0.25,1,"2","own","moderate","0",0.0673489600528227,0.294117647058824,"car",0
0.375,0,"2","own","0","0",0.0354352371519754,0.0882352941176471,"education",0
0.160714285714286,1,"2","free","little","0",0.170188180917795,0.161764705882353,"furniture/equipment",0
0.178571428571429,0,"2","own","little","little",0.204082755584902,0.161764705882353,"car",1
0.125,1,"2","rent","moderate","0",0.183063717398481,0.0735294117647059,"car",0
0.142857142857143,1,"2","own","rich","0",0.3056014086057,0.294117647058824,"car",0
0.160714285714286,1,"2","own","little","0",0.105590403873666,0.205882352941176,"business",1
0.285714285714286,0,"2","own","little","little",0.120446792120612,0.294117647058824,"radio/TV",1
0.232142857142857,1,"1","own","rich","0",0.235281170903488,0.338235294117647,"furniture/equipment",0
0.107142857142857,1,"1","rent","little","0",0.107846373940795,0.0882352941176471,"furniture/equipment",1
0.0178571428571429,0,"2","rent","quite rich","0",0.108451634202707,0.161764705882353,"furniture/equipment",0
0.142857142857143,0,"2","own","little","little",0.117695609111918,0.205882352941176,"radio/TV",0
0.410714285714286,1,"2","own","little","0",0.169527896995708,0.117647058823529,"furniture/equipment",0
0.321428571428571,1,"2","own","0","0",0.393914383184769,0.470588235294118,"business",0
0.0892857142857143,0,"2","rent","little","little",0.0221195113898977,0.117647058823529,"furniture/equipment",0
0.375,0,"2","own","quite rich","0",0.408715747771542,0.470588235294118,"furniture/equipment",0
0.482142857142857,1,"2","own","little","rich",0.0601408605700451,0.0294117647058824,"car",0
0.125,1,"2","own","moderate","little",0.0622867833168262,0.294117647058824,"business",0
0.0892857142857143,0,"2","own","0","0",0.0343347639484979,0.161764705882353,"domestic appliances",0
0.178571428571429,1,"1","own","little","little",0.183779024980742,0.117647058823529,"furniture/equipment",0
0.375,0,"2","own","rich","moderate",0.0589853637063937,0.102941176470588,"car",0
0.303571428571429,1,"3","free","little","little",0.0929899856938484,0.205882352941176,"radio/TV",0
0.160714285714286,1,"2","own","little","0",0.184054143281611,0.470588235294118,"radio/TV",0
0.142857142857143,1,"3","free","little","little",0.0644877297237812,0.0735294117647059,"car",1
0.303571428571429,1,"2","own","0","0",0.357213601848795,0.382352941176471,"radio/TV",0
0.339285714285714,1,"3","own","little","0",0.416198965555189,0.294117647058824,"car",0
0.517857142857143,1,"2","free","0","0",0.496698580389567,0.294117647058824,"car",0
0.303571428571429,1,"2","own","0","moderate",0.106250687795752,0.382352941176471,"car",0
0.821428571428571,0,"0","own","little","0",0.0466600638274458,0.205882352941176,"radio/TV",0
0.428571428571429,1,"2","own","little","moderate",0.209475074281941,0.294117647058824,"furniture/equipment",1
0.607142857142857,0,"2","own","little","little",0.0299878947947617,0.117647058823529,"education",1
0.267857142857143,1,"2","own","0","moderate",0.141685924947728,0.294117647058824,"business",0
0.0714285714285714,1,"2","own","little","moderate",0.848574887201497,0.647058823529412,"business",1
0.267857142857143,1,"3","own","little","0",0.350170573346539,0.470588235294118,"car",0
0.375,1,"2","rent","0","0",0.416749202156927,0.352941176470588,"car",0
0.428571428571429,1,"3","own","little","little",0.120611863101133,0.338235294117647,"business",0
0.482142857142857,1,"2","own","little","0",0.0868823594145482,0.161764705882353,"radio/TV",0
0.339285714285714,1,"1","own","little","little",0.105700451194013,0.117647058823529,"car",0
0.267857142857143,1,"2","own","little","moderate",0.305381313965005,0.470588235294118,"car",0
0.178571428571429,1,"2","own","0","0",0.0505667436997909,0.205882352941176,"radio/TV",0
0.214285714285714,1,"3","own","0","0",0.478540772532189,0.470588235294118,"car",0
0.160714285714286,0,"3","rent","little","little",0.129635743369649,0.25,"radio/TV",0
0.285714285714286,0,"2","own","rich","0",0.0738417519533399,0.117647058823529,"furniture/equipment",0
0.25,0,"1","rent","0","0",0.106525806096622,0.161764705882353,"furniture/equipment",0
0.410714285714286,1,"2","own","little","little",0.214757345658633,0.205882352941176,"furniture/equipment",1
0.428571428571429,1,"2","rent","little","little",0.130681192912953,0.176470588235294,"car",1
0.446428571428571,1,"2","own","0","0",0.178001540662485,0.235294117647059,"car",0
0.410714285714286,1,"2","free","0","0",0.562726972598217,0.470588235294118,"car",0
0.375,1,"2","rent","0","0",0.0625068779575217,0.161764705882353,"radio/TV",0
0.303571428571429,1,"3","own","little","0",0.0565643226587433,0.294117647058824,"radio/TV",0
0.0178571428571429,1,"3","rent","little","little",0.0471552767690107,0.117647058823529,"radio/TV",0
0.0892857142857143,1,"1","own","0","little",0.193298118190822,0.25,"car",0
0.142857142857143,1,"2","own","0","moderate",0.190436887861781,0.470588235294118,"education",0
0.482142857142857,0,"1","own","little","0",0.183999119621437,0.161764705882353,"car",0
0.25,0,"1","own","0","moderate",0.162044679212061,0.0735294117647059,"car",0
0.267857142857143,0,"2","own","little","0",0.23131946737097,0.470588235294118,"radio/TV",0
0.107142857142857,0,"1","own","little","moderate",0.246836139540002,0.294117647058824,"furniture/equipment",1
0.107142857142857,0,"2","own","0","moderate",0.150819852536591,0.382352941176471,"radio/TV",0
0.160714285714286,1,"2","own","rich","0",0.104104765048971,0.102941176470588,"business",0
0.214285714285714,1,"2","rent","little","little",0.160173874766149,0.294117647058824,"business",1
0.232142857142857,0,"3","own","little","moderate",1,0.647058823529412,"vacation/others",1
0.232142857142857,1,"2","own","moderate","0",0.142951469131727,0.0882352941176471,"car",0
0.875,1,"3","own","little","little",0.80587652690657,0.0294117647058824,"car",1
0.25,1,"2","own","moderate","little",0.116044899306702,0.294117647058824,"furniture/equipment",1
0.357142857142857,1,"3","rent","little","little",0.170298228238142,0.294117647058824,"furniture/equipment",1
0.160714285714286,0,"2","own","little","0",0.0862220754924618,0.205882352941176,"furniture/equipment",0
0.321428571428571,1,"3","own","quite rich","0",0.687740728513261,0.647058823529412,"radio/TV",0
0.0535714285714286,0,"2","rent","little","little",0.0614064047540442,0.0735294117647059,"radio/TV",1
0.196428571428571,1,"2","rent","little","moderate",0.0964014526246286,0.117647058823529,"car",0
0.642857142857143,1,"2","own","little","little",0.364366677671399,0.294117647058824,"furniture/equipment",1
0.482142857142857,1,"2","own","little","little",0.024595576097722,0.117647058823529,"car",1
0.0357142857142857,0,"2","rent","little","little",0.0439639044789259,0.205882352941176,"furniture/equipment",0
0.357142857142857,1,"2","free","little","little",0.55282271376692,0.647058823529412,"car",1
0.696428571428571,1,"2","own","0","0",0.0889732585011555,0.382352941176471,"radio/TV",0
0.428571428571429,1,"1","own","little","little",0.060195884230219,0.117647058823529,"car",0
0.0892857142857143,1,"1","own","little","little",0.0823704192802905,0.294117647058824,"furniture/equipment",0
0.0535714285714286,0,"2","own","little","moderate",0.0781335974469022,0.0735294117647059,"radio/TV",1
0.196428571428571,1,"2","own","little","0",0.053593045009354,0.0735294117647059,"car",0
0.410714285714286,1,"2","own","quite rich","0",0.0149664355672939,0.117647058823529,"radio/TV",0
0.0714285714285714,0,"2","own","little","little",0.0686695278969957,0.117647058823529,"radio/TV",0
0.196428571428571,1,"3","own","moderate","moderate",0.091834488830197,0.382352941176471,"radio/TV",1
0.160714285714286,0,"1","own","little","rich",0.027236711786068,0.0735294117647059,"radio/TV",1
0.196428571428571,1,"3","rent","little","moderate",0.099757895895235,0.0294117647058824,"radio/TV",0
0.410714285714286,1,"2","free","little","moderate",0.332232860129856,0.823529411764706,"education",1
0.482142857142857,1,"3","own","0","0",0.362715967866182,0.294117647058824,"car",0
0.464285714285714,1,"3","own","0","0",0.180312534389788,0.117647058823529,"car",0
0.214285714285714,1,"1","own","little","0",0.0713106635853417,0.0882352941176471,"car",0
0.214285714285714,1,"2","own","0","0",0.037361065258061,0.294117647058824,"furniture/equipment",0
0.410714285714286,1,"1","own","little","0",0.0663035105095191,0,"car",0
0.482142857142857,0,"2","rent","little","little",0.0877627379773303,0.161764705882353,"furniture/equipment",0
0.196428571428571,0,"2","own","quite rich","moderate",0.446131836689777,0.647058823529412,"car",0
0.196428571428571,1,"2","free","quite rich","little",0.170518322878838,0.294117647058824,"furniture/equipment",1
0.339285714285714,1,"3","own","0","0",0.143556729393639,0.117647058823529,"car",0
0.428571428571429,1,"1","own","little","0",0.0705953560030813,0.205882352941176,"furniture/equipment",1
0.214285714285714,1,"2","own","moderate","0",0.185484758446132,0.294117647058824,"radio/TV",1
0.375,1,"0","own","little","moderate",0.183779024980742,0.205882352941176,"business",0
0.0892857142857143,1,"2","own","little","little",0.104269836029493,0.470588235294118,"business",1
0.160714285714286,0,"2","rent","quite rich","moderate",0.212556399251678,0.294117647058824,"car",1
0.125,0,"3","own","little","0",0.590073731704633,0.470588235294118,"furniture/equipment",1
0.178571428571429,0,"2","own","little","little",0.0904038736656762,0.117647058823529,"car",0
0.678571428571429,0,"3","rent","rich","little",0.0539782106305711,0.294117647058824,"radio/TV",0
0.535714285714286,1,"1","own","0","rich",0.187410586552217,0.382352941176471,"radio/TV",0
0.321428571428571,1,"1","own","little","moderate",0.0497413887971828,0.0735294117647059,"radio/TV",0
0.464285714285714,1,"1","own","little","little",0.206668867613074,0.352941176470588,"car",1
0.196428571428571,1,"2","free","moderate","moderate",0.155111698030153,0.294117647058824,"furniture/equipment",0
0.196428571428571,1,"2","rent","little","0",0.0819852536590734,0.0294117647058824,"radio/TV",0
0.5,1,"2","own","little","moderate",0.115714757345659,0.25,"car",0
0.178571428571429,1,"2","own","0","0",0.18190822053483,0.161764705882353,"car",0
0.285714285714286,1,"2","own","quite rich","0",0.118135798393309,0.294117647058824,"radio/TV",1
0.0535714285714286,1,"1","own","little","moderate",0.0112248266754705,0.0294117647058824,"repairs",0
0.125,0,"2","own","0","moderate",0.0806096621547265,0.382352941176471,"radio/TV",0
0.0714285714285714,1,"1","own","quite rich","moderate",0.124903708594696,0.338235294117647,"radio/TV",1
0.625,0,"3","rent","little","0",0.182568504456916,0.161764705882353,"radio/TV",0
0.178571428571429,1,"2","rent","0","0",0.380543633762518,0.558823529411765,"radio/TV",0
0.375,1,"1","own","little","little",0.202982282381424,0.102941176470588,"car",0
0.0535714285714286,1,"2","own","moderate","moderate",0.0695499064597777,0.161764705882353,"repairs",0
0.428571428571429,1,"1","own","little","0",0.393034004621987,0.294117647058824,"car",0
0.178571428571429,0,"0","rent","little","little",0.0518873115439639,0.294117647058824,"car",1
0.303571428571429,1,"2","rent","little","little",0.387751733245295,0.823529411764706,"business",1
0.25,0,"2","own","little","0",0.142016066908771,0.382352941176471,"radio/TV",0
0.678571428571429,0,"1","own","quite rich","rich",0.0554638494552658,0.294117647058824,"radio/TV",0
0.803571428571429,0,"2","own","little","moderate",0.027676901067459,0.0294117647058824,"radio/TV",0
0.410714285714286,1,"2","own","0","moderate",0.119786508198525,0.205882352941176,"business",0
0.5,1,"1","own","little","0",0.125894134477825,0.294117647058824,"car",1
0.107142857142857,1,"2","rent","moderate","moderate",0.055793991416309,0.161764705882353,"car",1
0.535714285714286,1,"2","own","little","moderate",0.447672499174645,0.382352941176471,"furniture/equipment",1
0.25,1,"3","rent","little","0",0.252778694838781,0.647058823529412,"business",1
0.160714285714286,0,"3","own","moderate","rich",0.147078243644767,0.25,"car",0
0.125,1,"2","own","little","little",0.439033784527347,0.470588235294118,"car",1
0.196428571428571,1,"1","own","little","0",0.0978320677891493,0.294117647058824,"furniture/equipment",0
0.107142857142857,0,"2","rent","little","little",0.0650929899856938,0.161764705882353,"furniture/equipment",0
0.25,1,"2","own","little","rich",0.33228788379003,0.558823529411765,"business",0
0.803571428571429,0,"2","own","moderate","0",0.0637724221415209,0.132352941176471,"radio/TV",0
0.178571428571429,1,"3","free","little","little",0.348244745240453,0.294117647058824,"car",0
0.517857142857143,1,"1","own","little","moderate",0.082150324639595,0.294117647058824,"radio/TV",0
0.321428571428571,1,"1","own","0","0",0.182403433476395,0.117647058823529,"education",0
0.267857142857143,1,"1","own","moderate","0",0.0725762077693408,0.161764705882353,"radio/TV",0
0.0714285714285714,1,"1","rent","0","little",0.0927698910531529,0.205882352941176,"radio/TV",0
0.196428571428571,1,"3","own","little","little",0.204082755584902,0.470588235294118,"furniture/equipment",0
0.553571428571429,1,"2","own","0","0",0.117750632772092,0.117647058823529,"car",0
0.214285714285714,0,"1","own","little","0",0.0817651590183779,0.117647058823529,"furniture/equipment",0
0.375,1,"3","own","little","little",0.198470342247166,0.382352941176471,"car",0
0.339285714285714,1,"2","own","little","0",0.0304831077363266,0.117647058823529,"radio/TV",0
0.0714285714285714,1,"2","free","little","little",0.0877627379773303,0.602941176470588,"radio/TV",1
0.142857142857143,1,"2","own","moderate","moderate",0.238032353912182,0.602941176470588,"car",0
